Rk,Player,Pos,Age,Tm,G,GS,MP,FG,FGA,FG%,3P,3PA,3P%,2P,2PA,2P%,eFG%,FT,FTA,FT%,ORB,DRB,TRB,AST,STL,BLK,TOV,PF,PS/G
1,Alex Abrines\abrinal01,SG,25,OKC,18,2,20.6,2.2,6.1,.355,1.7,4.9,.341,0.5,1.2,.409,.491,0.4,0.5,.889,0.2,1.4,1.6,0.8,0.6,0.2,0.4,1.9,6.4
2,Jaylen Adams\adamsja01,PG,22,ATL,4,0,3.3,0.3,1.0,.250,0.3,1.0,.250,0.0,0.0,,.375,0.0,0.0,,0.0,0.5,0.5,0.3,0.0,0.3,0.0,0.0,0.8
3,Steven Adams\adamsst01,C,25,OKC,20,20,34.0,6.2,10.6,.585,0.0,0.0,,6.2,10.6,.585,.585,2.2,4.1,.524,4.8,5.6,10.4,1.8,1.6,1.0,1.5,2.4,14.6
4,Bam Adebayo\adebaba01,C,21,MIA,21,1,19.1,2.8,5.0,.547,0.0,0.1,.000,2.8,4.9,.563,.547,2.3,3.3,.700,2.1,5.0,7.1,1.3,0.6,0.8,1.2,2.6,7.9
5,DeVaughn Akoon-Purcell\akoonde01,SG,25,DEN,6,0,3.5,0.5,1.7,.300,0.0,0.7,.000,0.5,1.0,.500,.300,0.2,0.3,.500,0.2,0.5,0.7,1.0,0.3,0.0,0.2,0.7,1.2
6,LaMarcus Aldridge\aldrila01,C,33,SAS,22,22,34.4,7.0,16.1,.432,0.0,0.4,.000,7.0,15.7,.443,.432,3.9,4.7,.817,3.7,6.9,10.6,2.4,0.4,1.2,1.9,1.9,17.8
7,Grayson Allen\allengr01,SG,23,UTA,14,1,10.5,1.4,3.9,.345,0.7,2.5,.286,0.6,1.4,.450,.436,1.1,1.6,.696,0.1,0.1,0.2,0.4,0.1,0.0,0.7,1.1,4.6
8,Jarrett Allen\allenja01,C,20,BRK,21,21,28.0,4.8,8.0,.595,0.1,0.7,.133,4.7,7.3,.641,.601,3.0,4.3,.692,3.0,5.6,8.6,1.7,0.6,1.5,1.2,2.7,12.6
9,Al-Farouq Aminu\aminual01,PF,28,POR,22,22,29.3,2.8,7.1,.397,1.3,4.0,.326,1.5,3.0,.493,.490,1.6,1.8,.875,1.2,6.7,7.9,0.5,1.0,0.4,0.8,2.3,8.5
10,Justin Anderson\anderju01,SG,25,ATL,6,0,10.7,2.3,5.5,.424,0.2,2.0,.083,2.2,3.5,.619,.439,1.0,1.2,.857,0.7,1.0,1.7,0.7,0.8,0.2,0.5,1.7,5.8
11,Kyle Anderson\anderky01,SF,25,MEM,21,18,30.1,2.8,5.9,.468,0.1,0.6,.250,2.6,5.3,.491,.480,0.6,1.2,.520,1.3,5.1,6.4,2.9,1.2,0.7,1.2,2.3,6.3
12,Ryan Anderson\anderry01,PF,30,PHO,13,8,20.4,1.5,4.6,.317,0.5,2.6,.206,0.9,2.0,.462,.375,0.8,1.1,.786,1.1,2.3,3.4,1.3,0.2,0.1,0.8,1.5,4.3
13,Ike Anigbogu\anigbik01,C,20,IND,3,0,2.0,0.0,1.0,.000,0.0,0.0,,0.0,1.0,.000,.000,0.0,0.0,,0.3,0.7,1.0,0.3,0.0,0.3,0.3,0.0,0.0
14,Giannis Antetokounmpo\antetgi01,PF,24,MIL,20,20,33.8,10.5,18.1,.577,0.3,2.6,.118,10.2,15.6,.653,.586,6.1,9.0,.682,2.6,10.4,12.9,6.0,1.5,1.3,4.3,3.1,27.3
15,Carmelo Anthony\anthoca01,PF,34,HOU,10,2,29.4,4.9,12.1,.405,2.1,6.4,.328,2.8,5.7,.491,.492,1.5,2.2,.682,0.9,4.5,5.4,0.5,0.4,0.7,0.8,3.2,13.4
16,OG Anunoby\anunoog01,SF,21,TOR,17,3,21.5,3.6,7.8,.462,1.2,4.1,.304,2.4,3.7,.635,.542,0.2,0.8,.308,0.6,1.8,2.4,0.5,0.6,0.3,0.8,2.4,8.6
17,Ryan Arcidiacono\arcidry01,PG,24,CHI,22,11,28.6,2.8,6.0,.466,1.9,4.2,.441,0.9,1.7,.526,.622,0.7,0.9,.789,0.1,2.5,2.7,4.0,1.0,0.0,1.0,2.5,8.1
18,Trevor Ariza\arizatr01,SF,33,PHO,20,20,34.7,3.2,8.5,.371,1.9,5.4,.352,1.3,3.1,.403,.482,1.5,1.8,.833,0.7,4.8,5.5,3.3,1.2,0.4,1.6,1.9,9.7
19,D.J. Augustin\augusdj01,PG,31,ORL,23,23,27.2,3.4,7.5,.457,1.6,3.7,.440,1.8,3.9,.472,.564,2.1,2.4,.873,0.6,1.7,2.3,5.4,0.5,0.0,1.1,1.2,10.6
20,Deandre Ayton\aytonde01,C,20,PHO,22,22,32.1,7.2,11.8,.612,0.0,0.1,.000,7.2,11.7,.616,.612,2.0,2.6,.776,2.5,7.8,10.2,2.5,0.6,0.8,2.0,3.0,16.5
21,Dwayne Bacon\bacondw01,SG,23,CHO,13,0,13.8,2.5,5.0,.492,0.7,1.4,.500,1.8,3.6,.489,.562,0.8,0.9,.833,0.2,1.8,2.0,0.8,0.2,0.0,0.5,1.7,6.4
22,Marvin Bagley\baglema01,PF,19,SAC,21,0,24.1,5.0,9.7,.510,0.3,1.1,.304,4.6,8.6,.536,.527,2.7,4.2,.648,2.7,4.1,6.8,0.9,0.5,1.2,1.9,2.0,13.0
23,Ron Baker\bakerro01,SG,25,NYK,10,0,9.8,0.2,1.3,.154,0.0,0.8,.000,0.2,0.5,.400,.154,0.5,0.6,.833,0.1,0.5,0.6,1.0,0.4,0.0,0.3,1.5,0.9
24,Wade Baldwin\baldwwa01,PG,22,POR,8,0,5.6,0.4,1.9,.200,0.1,0.5,.250,0.3,1.4,.182,.233,0.0,0.0,,0.1,0.5,0.6,0.8,0.0,0.0,0.8,0.4,0.9
25,Lonzo Ball\balllo01,PG,21,LAL,22,20,27.0,3.1,7.8,.401,1.3,4.0,.330,1.8,3.8,.476,.485,0.4,0.7,.563,1.0,4.4,5.5,4.5,1.1,0.3,2.0,2.4,8.0
26,Mohamed Bamba\bambamo01,C,20,ORL,23,0,17.0,2.8,5.6,.500,0.6,1.7,.325,2.2,3.8,.580,.551,0.5,0.8,.667,1.3,3.2,4.5,1.1,0.3,1.3,0.6,2.1,6.7
27,J.J. Barea\bareajo01,PG,34,DAL,19,0,19.6,4.3,9.9,.429,0.9,3.2,.283,3.4,6.8,.496,.474,1.4,2.2,.659,0.4,1.9,2.3,6.0,0.6,0.1,1.5,1.5,10.8
28,Harrison Barnes\barneha02,SF,26,DAL,16,16,31.6,5.9,14.0,.420,2.3,5.5,.420,3.6,8.5,.419,.502,3.5,4.4,.789,0.6,3.9,4.6,1.3,0.9,0.2,1.4,2.1,17.6
29,Will Barton\bartowi01,SG,28,DEN,2,2,27.0,6.0,10.5,.571,2.5,4.5,.556,3.5,6.0,.583,.690,2.0,2.0,1.000,0.0,5.0,5.0,3.0,0.5,1.0,1.5,2.5,16.5
30,Keita Bates-Diop\bateske01,SF,23,MIN,2,0,9.0,1.0,4.0,.250,0.0,2.0,.000,1.0,2.0,.500,.250,0.0,0.0,,0.0,1.5,1.5,0.0,0.0,0.5,0.0,0.5,2.0
31,Nicolas Batum\batumni01,SF,30,CHO,22,22,30.9,3.6,7.6,.470,1.3,3.5,.368,2.3,4.2,.554,.554,0.9,1.0,.826,1.2,4.3,5.5,3.4,1.0,0.5,2.0,1.5,9.3
32,Aron Baynes\baynear01,C,32,BOS,19,5,15.1,2.0,4.7,.422,0.6,1.8,.324,1.4,2.9,.482,.483,1.5,1.7,.875,1.7,2.9,4.7,1.3,0.2,0.5,0.7,2.4,6.1
33,Kent Bazemore\bazemke01,SG,29,ATL,23,19,26.0,4.7,10.3,.451,1.2,4.1,.295,3.4,6.2,.556,.511,2.3,3.0,.768,0.7,3.5,4.1,2.0,1.7,1.0,2.0,2.4,12.8
34,Bradley Beal\bealbr01,SG,25,WAS,22,22,34.7,7.8,16.8,.466,2.3,6.9,.336,5.5,9.9,.558,.535,3.7,4.8,.771,0.6,3.6,4.2,4.2,1.1,1.1,2.2,3.3,21.6
35,Malik Beasley\beaslma01,SG,22,DEN,22,0,18.0,2.9,6.2,.463,1.2,3.1,.377,1.7,3.0,.552,.559,0.2,0.3,.833,0.2,2.0,2.2,0.8,0.5,0.1,0.5,1.3,7.1
36,Michael Beasley\beaslmi01,PF,30,LAL,7,0,6.6,1.4,2.9,.500,0.0,0.3,.000,1.4,2.6,.556,.500,0.6,0.7,.800,0.4,0.7,1.1,0.3,0.3,0.0,1.0,1.7,3.4
37,Marco Belinelli\belinma01,SG,32,SAS,22,0,22.0,3.3,9.3,.358,1.5,4.7,.327,1.8,4.5,.390,.441,1.5,1.8,.850,0.2,1.6,1.8,2.0,0.6,0.2,0.7,1.5,9.7
38,Jordan Bell\belljo01,C,24,GSW,22,1,12.0,1.0,1.7,.553,0.0,0.0,.000,1.0,1.7,.568,.553,0.5,0.8,.706,0.7,2.0,2.6,1.2,0.5,0.8,0.4,1.5,2.5
39,DeAndre' Bembry\bembrde01,SG,24,ATL,23,2,23.0,3.1,7.7,.403,0.8,2.4,.321,2.3,5.2,.442,.455,1.3,2.2,.600,0.6,4.0,4.6,2.4,1.3,0.7,1.7,2.3,8.3
40,Dragan Bender\bendedr01,PF,21,PHO,6,0,4.3,0.3,1.3,.250,0.0,0.7,.000,0.3,0.7,.500,.250,0.0,0.0,,0.3,0.7,1.0,0.3,0.0,0.0,0.5,0.5,0.7
41,Davis Bertans\bertada01,PF,26,SAS,20,2,16.3,2.3,4.9,.459,1.5,3.5,.414,0.8,1.4,.571,.607,0.7,0.7,.929,0.5,2.2,2.7,1.0,0.4,0.4,0.6,1.3,6.6
42,Patrick Beverley\beverpa01,PG,30,LAC,21,16,24.9,2.3,6.5,.353,1.1,3.6,.303,1.2,2.9,.417,.438,1.0,1.3,.778,0.8,3.0,3.8,3.8,0.7,0.2,1.1,3.7,6.7
43,Khem Birch\birchkh01,C,26,ORL,7,0,5.7,0.7,1.1,.625,0.0,0.0,,0.7,1.1,.625,.625,0.0,0.0,,0.4,1.1,1.6,0.1,0.6,0.0,0.3,0.6,1.4
44,Bismack Biyombo\biyombi01,C,26,CHO,8,0,8.5,0.9,1.5,.583,0.0,0.0,,0.9,1.5,.583,.583,0.4,0.9,.429,0.6,1.5,2.1,0.3,0.0,1.1,0.4,2.0,2.1
45,Nemanja Bjelica\bjeline01,PF,30,SAC,21,21,24.3,4.2,7.8,.543,1.7,3.2,.515,2.6,4.6,.563,.649,1.0,1.4,.759,1.2,4.4,5.6,2.0,1.1,0.6,1.5,2.9,11.2
46,Antonio Blakeney\blakean01,SG,22,CHI,22,0,17.6,3.9,9.0,.434,1.2,2.6,.448,2.7,6.4,.429,.500,1.0,1.5,.636,0.2,1.8,2.0,0.5,0.3,0.2,0.9,0.8,10.0
47,Eric Bledsoe\bledser01,PG,29,MIL,21,21,29.4,5.6,11.1,.506,1.7,4.7,.354,4.0,6.4,.619,.582,2.1,3.0,.698,1.1,3.4,4.5,6.0,1.3,0.6,2.2,2.4,15.0
48,Bogdan Bogdanovic\bogdabo01,SG,26,SAC,10,1,25.9,5.4,12.6,.429,2.2,5.7,.386,3.2,6.9,.464,.516,2.1,2.3,.913,0.5,2.4,2.9,3.1,0.5,0.0,1.1,2.2,15.1
49,Bojan Bogdanovic\bogdabo02,SF,29,IND,22,22,30.9,5.5,10.2,.533,2.2,4.1,.527,3.3,6.1,.537,.640,2.4,3.0,.791,0.4,3.3,3.7,1.4,0.8,0.0,1.8,1.8,15.5
50,Jonah Bolden\boldejo01,PF,23,PHI,6,0,6.7,0.7,1.8,.364,0.2,1.2,.143,0.5,0.7,.750,.409,0.2,0.3,.500,0.0,1.5,1.5,0.3,0.5,0.2,0.3,1.0,1.7
51,Devin Booker\bookede01,SG,22,PHO,18,18,36.3,8.8,19.9,.440,2.5,7.9,.317,6.3,12.1,.521,.503,4.4,5.3,.842,0.5,3.2,3.7,7.0,1.2,0.1,4.3,3.6,24.5
52,Chris Boucher\bouchch01,PF,26,TOR,3,0,4.0,1.3,2.7,.500,0.3,1.3,.250,1.0,1.3,.750,.563,1.3,2.0,.667,1.0,1.3,2.3,0.0,0.0,1.0,0.0,0.7,4.3
53,Avery Bradley\bradlav01,SG,28,LAC,15,15,28.4,3.0,8.4,.357,0.7,2.9,.250,2.3,5.5,.415,.401,0.3,0.5,.714,0.5,1.4,1.9,1.7,0.7,0.5,1.4,2.9,7.1
54,Mikal Bridges\bridgmi01,SF,22,PHO,22,8,21.1,2.4,5.6,.423,1.0,2.9,.333,1.4,2.7,.517,.508,0.9,1.0,.870,0.3,1.6,1.9,1.0,1.3,0.3,0.8,2.2,6.6
55,Miles Bridges\bridgmi02,SF,20,CHO,21,0,20.2,3.0,5.8,.508,0.8,2.4,.340,2.1,3.4,.625,.578,0.8,1.0,.727,0.7,3.3,4.0,1.0,0.7,0.7,0.5,1.5,7.5
56,Isaiah Briscoe\briscis01,PG,22,ORL,8,0,7.1,0.9,2.0,.438,0.1,0.1,1.000,0.8,1.9,.400,.469,0.1,0.4,.333,0.0,0.5,0.5,1.0,0.0,0.0,0.3,1.0,2.0
57,Ryan Broekhoff\broekry01,SG,28,DAL,11,0,3.7,0.4,1.1,.333,0.3,1.0,.273,0.1,0.1,1.000,.458,0.0,0.0,,0.0,0.5,0.5,0.0,0.0,0.0,0.0,0.2,1.0
58,Malcolm Brogdon\brogdma01,SG,26,MIL,21,21,30.2,5.8,11.3,.513,1.8,3.7,.474,4.0,7.6,.531,.590,1.7,1.8,.973,1.0,3.3,4.3,3.4,0.5,0.2,1.6,1.7,15.1
59,Dillon Brooks\brookdi01,SF,23,MEM,11,0,18.9,2.5,6.0,.409,0.6,1.7,.368,1.8,4.3,.426,.462,1.3,1.6,.778,0.5,1.5,2.1,0.9,0.7,0.4,0.8,2.7,6.8
60,MarShon Brooks\brookma01,SG,30,MEM,18,0,13.7,2.7,6.3,.425,0.6,2.1,.297,2.1,4.2,.487,.473,0.8,1.1,.789,0.5,1.3,1.8,1.1,0.3,0.2,0.8,1.2,6.8
61,Bruce Brown\brownbr01,SG,22,DET,12,3,15.5,1.3,3.5,.357,0.1,1.0,.083,1.2,2.5,.467,.369,0.8,1.1,.692,0.6,1.5,2.1,0.5,0.6,0.3,0.3,2.2,3.3
62,Jaylen Brown\brownja02,SG,22,BOS,19,19,28.1,4.3,10.8,.398,1.0,3.9,.253,3.3,6.9,.481,.444,1.5,2.4,.622,1.2,2.9,4.1,1.3,0.6,0.6,1.4,2.5,11.1
63,Lorenzo Brown\brownlo01,PG,28,TOR,15,0,9.0,1.1,3.0,.378,0.3,1.5,.227,0.8,1.5,.522,.433,0.1,0.1,1.000,0.1,1.1,1.2,1.0,0.4,0.3,0.9,0.9,2.7
64,Sterling Brown\brownst02,SG,23,MIL,13,0,8.2,1.2,2.8,.444,0.3,1.4,.222,0.9,1.4,.667,.500,0.4,0.5,.714,0.5,1.0,1.5,0.5,0.1,0.1,0.6,1.1,3.2
65,Troy Brown\browntr01,SF,19,WAS,10,0,6.6,0.9,2.4,.375,0.2,0.5,.400,0.7,1.9,.368,.417,0.7,0.8,.875,0.2,1.4,1.6,0.8,0.2,0.0,0.3,0.5,2.7
66,Jalen Brunson\brunsja01,PG,22,DAL,18,1,12.4,1.7,4.1,.405,0.4,1.4,.269,1.3,2.7,.479,.453,0.5,0.8,.643,0.2,1.1,1.3,1.3,0.4,0.0,0.6,0.9,4.2
67,Thomas Bryant\bryanth01,C,21,WAS,12,6,10.8,2.0,3.4,.585,0.1,0.8,.100,1.9,2.6,.742,.598,0.8,1.0,.833,0.9,2.0,2.9,0.6,0.3,0.7,0.5,0.7,4.9
68,Reggie Bullock\bullore01,SG,27,DET,16,16,29.7,3.6,9.1,.397,1.9,5.4,.360,1.7,3.8,.450,.503,1.6,1.8,.893,0.4,1.9,2.3,2.6,0.6,0.1,1.1,1.6,10.8
69,Trey Burke\burketr01,PG,26,NYK,20,5,21.7,4.8,11.2,.424,1.1,3.1,.361,3.7,8.2,.448,.473,2.1,2.6,.804,0.7,1.6,2.2,3.2,0.7,0.1,1.2,1.1,12.7
70,Alec Burks\burksal01,SG,27,TOT,18,0,16.4,2.8,6.9,.408,0.9,2.6,.340,1.9,4.3,.449,.472,2.2,2.6,.870,0.2,1.7,1.8,1.3,0.4,0.2,0.8,1.2,8.8
70,Alec Burks\burksal01,SG,27,UTA,17,0,15.8,2.8,6.7,.412,0.9,2.5,.372,1.8,4.2,.437,.482,1.9,2.2,.868,0.1,1.5,1.6,1.2,0.4,0.2,0.9,1.3,8.4
70,Alec Burks\burksal01,G,27,CLE,1,0,26.0,4.0,11.0,.364,0.0,4.0,.000,4.0,7.0,.571,.364,7.0,8.0,.875,1.0,5.0,6.0,4.0,2.0,0.0,0.0,0.0,15.0
71,Deonte Burton\burtode02,SG,25,OKC,12,0,9.8,1.7,3.5,.476,0.3,0.9,.364,1.3,2.6,.516,.524,0.3,0.3,.750,0.1,1.2,1.3,0.4,0.3,0.4,0.4,1.0,3.9
72,Jimmy Butler\butleji01,SG,29,TOT,19,19,34.5,6.9,14.4,.482,1.6,3.7,.429,5.4,10.7,.500,.536,4.2,5.1,.814,1.8,3.3,5.1,3.7,2.3,0.8,1.6,1.9,19.6
72,Jimmy Butler\butleji01,SG,29,MIN,10,10,36.1,7.4,15.7,.471,1.7,4.5,.378,5.7,11.2,.509,.525,4.8,6.1,.787,1.6,3.6,5.2,4.3,2.4,1.0,1.4,1.8,21.3
72,Jimmy Butler\butleji01,SG,29,PHI,9,9,32.8,6.4,13.0,.496,1.4,2.8,.520,5.0,10.2,.489,.551,3.4,4.0,.861,2.0,2.9,4.9,3.0,2.2,0.6,1.8,2.0,17.8
73,Jose Calderon\caldejo01,PG,37,DET,13,0,9.6,0.5,2.1,.259,0.2,1.3,.176,0.3,0.8,.400,.315,0.2,0.2,1.000,0.2,0.5,0.8,1.0,0.4,0.2,0.3,1.2,1.5
74,Kentavious Caldwell-Pope\caldwke01,SG,25,LAL,22,3,20.9,2.4,6.5,.371,1.2,3.7,.321,1.2,2.8,.435,.462,2.0,2.1,.915,0.4,1.9,2.3,0.6,0.8,0.2,0.6,1.5,8.0
75,Isaiah Canaan\canaais01,PG,27,PHO,19,15,26.5,2.7,6.8,.395,1.3,3.8,.347,1.4,3.0,.456,.492,0.8,1.1,.750,0.3,2.3,2.6,3.3,0.6,0.0,1.5,2.4,7.5
76,Clint Capela\capelca01,C,24,HOU,21,21,34.3,7.9,11.9,.660,0.0,0.0,,7.9,11.9,.660,.660,2.1,3.6,.587,5.0,6.8,11.8,1.7,0.5,2.2,1.6,2.8,17.8
77,DeMarre Carroll\carrode01,SF,32,BRK,12,0,21.8,2.4,6.5,.372,1.3,3.4,.366,1.2,3.1,.378,.468,2.8,3.2,.868,0.8,4.3,5.2,0.9,0.3,0.1,1.3,1.8,8.8
78,Vince Carter\cartevi01,SF,42,ATL,20,8,17.5,2.4,6.0,.392,1.4,3.8,.360,1.0,2.3,.444,.504,0.7,0.9,.824,0.3,2.1,2.4,0.9,0.6,0.4,0.6,1.7,6.8
79,Wendell Carter\cartewe01,C,19,CHI,23,23,25.4,4.4,9.4,.470,0.2,1.0,.208,4.2,8.4,.503,.482,2.5,3.0,.826,2.0,5.1,7.1,2.1,0.6,1.7,1.7,3.5,11.6
80,Michael Carter-Williams\cartemi01,PG,27,HOU,13,1,9.6,1.3,3.5,.370,0.3,1.0,.308,1.0,2.5,.394,.413,0.8,1.8,.435,0.2,0.8,0.9,1.4,0.6,0.4,0.8,1.8,3.7
81,Omri Casspi\casspom01,SF,30,MEM,15,0,11.9,1.9,3.5,.547,0.4,0.9,.429,1.5,2.6,.590,.604,1.1,1.9,.586,0.5,2.2,2.7,0.9,0.4,0.1,0.3,0.9,5.4
82,Willie Cauley-Stein\caulewi01,C,25,SAC,21,21,28.4,6.4,12.0,.534,0.0,0.0,1.000,6.4,12.0,.532,.536,1.7,3.4,.486,2.2,6.0,8.2,2.1,1.0,0.5,1.3,3.3,14.6
83,Tyson Chandler\chandty01,C,36,TOT,19,0,17.8,1.3,2.2,.595,0.0,0.0,,1.3,2.2,.595,.595,1.1,1.8,.600,2.0,4.5,6.5,0.7,0.4,0.4,1.1,2.8,3.7
83,Tyson Chandler\chandty01,C,36,PHO,7,0,12.7,1.1,1.7,.667,0.0,0.0,,1.1,1.7,.667,.667,1.4,2.6,.556,1.0,4.6,5.6,0.9,0.3,0.1,1.0,3.0,3.7
83,Tyson Chandler\chandty01,C,36,LAL,12,0,20.8,1.4,2.5,.567,0.0,0.0,,1.4,2.5,.567,.567,0.9,1.4,.647,2.6,4.4,7.0,0.6,0.5,0.5,1.1,2.7,3.8
84,Wilson Chandler\chandwi01,PF,31,PHI,13,9,23.0,2.5,4.9,.500,0.8,2.2,.379,1.6,2.7,.600,.586,0.2,0.5,.333,1.2,3.1,4.2,1.7,0.3,0.2,1.2,2.2,5.9
85,Marquese Chriss\chrisma01,PF,21,HOU,8,0,6.3,1.0,2.6,.381,0.1,1.1,.111,0.9,1.5,.583,.405,0.0,0.1,.000,0.4,0.9,1.3,0.4,0.0,0.3,0.6,1.1,2.1
86,Gary Clark\clarkga01,PF,24,HOU,20,0,17.7,1.2,3.8,.303,1.0,3.5,.275,0.2,0.4,.571,.428,0.3,0.3,1.000,0.6,2.4,3.0,0.5,0.5,0.9,0.1,1.3,3.6
87,Ian Clark\clarkia01,SG,27,NOP,22,0,14.7,1.5,4.3,.358,0.5,1.9,.293,1.0,2.5,.407,.421,0.4,0.5,.900,0.2,1.3,1.5,1.2,0.2,0.0,0.8,1.5,4.0
88,Jordan Clarkson\clarkjo01,SG,26,CLE,21,0,24.5,6.3,13.9,.454,1.5,4.5,.330,4.8,9.4,.513,.507,1.9,2.2,.851,1.1,2.0,3.0,2.0,0.6,0.2,1.6,1.9,16.0
89,John Collins\collijo01,PF,21,ATL,8,6,26.6,6.1,10.5,.583,0.3,2.0,.125,5.9,8.5,.691,.595,2.4,2.9,.826,1.9,4.9,6.8,2.8,0.1,0.5,2.3,2.6,14.9
90,Zach Collins\colliza01,C,21,POR,22,0,19.6,3.0,5.8,.516,0.7,1.9,.357,2.3,3.9,.593,.574,1.5,1.8,.872,1.4,3.1,4.5,1.0,0.3,1.0,1.5,3.2,8.2
91,Darren Collison\collida01,PG,31,IND,22,22,27.2,3.5,8.2,.425,0.6,2.1,.304,2.9,6.1,.467,.464,1.3,1.9,.690,0.5,1.9,2.3,4.8,1.6,0.1,1.3,1.6,9.0
92,Mike Conley\conlemi01,PG,31,MEM,21,21,34.1,7.0,16.7,.422,2.2,6.6,.341,4.8,10.1,.474,.489,4.8,5.8,.826,0.6,2.9,3.4,6.7,1.1,0.3,2.0,2.3,21.1
93,Pat Connaughton\connapa01,SG,26,MIL,18,0,18.3,2.7,5.9,.458,1.2,3.5,.333,1.6,2.4,.636,.556,0.7,1.0,.667,1.2,3.2,4.4,1.7,0.4,0.7,0.5,1.3,7.3
94,Quinn Cook\cookqu01,PG,25,GSW,20,8,20.7,4.0,8.5,.471,1.7,3.8,.447,2.3,4.7,.489,.571,0.5,0.6,.833,0.3,2.6,2.9,2.4,0.5,0.1,1.1,1.8,10.2
95,Robert Covington\covinro01,SF,28,TOT,21,21,34.4,4.3,10.0,.427,2.6,6.5,.394,1.7,3.5,.486,.555,1.3,1.8,.730,0.6,4.8,5.4,1.1,2.2,1.5,1.2,3.4,12.4
95,Robert Covington\covinro01,SF,28,PHI,13,13,33.8,3.8,9.0,.427,2.3,5.9,.390,1.5,3.1,.500,.556,1.3,1.8,.739,0.5,4.6,5.2,1.1,1.8,1.8,1.7,3.5,11.3
95,Robert Covington\covinro01,SF,28,MIN,8,8,35.3,5.0,11.8,.426,3.0,7.5,.400,2.0,4.3,.471,.553,1.3,1.8,.714,0.6,5.1,5.8,1.1,2.8,1.1,0.5,3.4,14.3
96,Allen Crabbe\crabbal01,SG,26,BRK,22,9,24.6,2.6,8.5,.309,1.9,5.6,.339,0.7,2.9,.250,.420,0.8,1.0,.818,0.4,2.8,3.2,1.0,0.5,0.4,1.2,2.3,8.0
97,Torrey Craig\craigto01,SF,28,DEN,17,12,15.7,1.4,3.8,.375,0.3,1.8,.161,1.1,1.9,.576,.414,0.4,0.5,.667,1.4,2.1,3.5,0.5,0.4,0.4,0.6,1.9,3.5
98,Jamal Crawford\crawfja01,SG,38,PHO,20,0,15.3,2.3,5.8,.400,1.1,2.7,.389,1.3,3.1,.410,.491,1.2,1.5,.767,0.1,1.0,1.0,2.3,0.3,0.1,1.1,1.0,6.8
99,Jae Crowder\crowdja01,SF,28,UTA,23,2,28.8,4.1,10.3,.403,2.0,6.4,.313,2.1,3.9,.551,.500,2.2,3.1,.704,0.7,4.0,4.7,1.9,0.7,0.5,0.8,2.4,12.4
100,Dante Cunningham\cunnida01,PF,31,SAS,22,18,22.5,1.7,3.6,.463,0.7,1.6,.457,1.0,2.0,.467,.563,0.4,0.5,.900,1.3,3.4,4.7,1.1,0.6,0.4,0.6,2.1,4.5
101,Seth Curry\curryse01,SG,28,POR,18,0,16.9,1.6,4.3,.377,0.9,2.1,.447,0.7,2.2,.308,.487,0.3,0.3,1.000,0.3,1.1,1.4,0.8,0.2,0.1,0.5,1.3,4.4
102,Stephen Curry\curryst01,PG,30,GSW,12,12,33.3,10.2,19.8,.515,5.2,10.5,.492,5.0,9.3,.541,.646,4.0,4.3,.923,0.5,4.5,5.0,6.1,1.0,0.3,3.0,2.3,29.5
103,Troy Daniels\danietr01,SG,27,PHO,6,0,9.3,1.3,3.5,.381,0.8,2.7,.313,0.5,0.8,.600,.500,0.2,0.2,1.000,0.2,0.7,0.8,0.7,0.8,0.0,1.2,1.5,3.7
104,Anthony Davis\davisan02,C,25,NOP,19,19,37.5,9.6,19.5,.493,0.8,2.5,.340,8.8,17.1,.515,.515,7.7,9.5,.807,3.5,9.2,12.7,4.6,1.5,2.7,2.4,2.6,27.8
105,Ed Davis\davised01,C,29,BRK,23,1,17.1,2.5,4.0,.613,0.0,0.0,,2.5,4.0,.613,.613,1.0,1.7,.579,3.3,4.8,8.1,0.7,0.4,0.4,0.7,3.0,5.9
106,Tyler Davis\davisty01,C,21,OKC,1,0,1.0,0.0,1.0,.000,0.0,0.0,,0.0,1.0,.000,.000,0.0,0.0,,1.0,0.0,1.0,0.0,0.0,0.0,0.0,0.0,0.0
107,Dewayne Dedmon\dedmode01,C,29,ATL,17,6,21.2,3.1,6.8,.452,0.6,2.3,.256,2.5,4.5,.553,.496,1.1,1.2,.900,1.1,5.4,6.4,0.8,0.9,1.2,1.2,3.2,7.8
108,Sam Dekker\dekkesa01,PF,24,CLE,9,5,18.8,2.4,5.3,.458,0.6,1.4,.385,1.9,3.9,.486,.510,0.9,1.1,.800,1.0,2.7,3.7,1.0,1.2,0.0,0.6,1.4,6.3
109,Matthew Dellavedova\dellama01,PG,28,MIL,11,0,7.0,0.5,1.5,.353,0.4,0.9,.400,0.2,0.6,.286,.471,0.2,0.2,1.000,0.0,0.8,0.8,2.1,0.2,0.0,0.7,0.5,1.6
110,Luol Deng\denglu01,SF,33,MIN,3,0,8.7,1.3,4.0,.333,0.0,1.7,.000,1.3,2.3,.571,.333,0.7,1.0,.667,1.7,2.0,3.7,0.3,0.3,0.3,0.3,0.7,3.3
111,DeMar DeRozan\derozde01,SG,29,SAS,22,22,35.8,9.0,18.8,.482,0.3,1.5,.182,8.8,17.3,.508,.489,5.4,6.4,.850,0.8,4.8,5.6,6.0,1.0,0.4,2.7,2.4,23.8
112,Marcus Derrickson\derrima01,SF,22,GSW,2,0,4.0,0.5,1.0,.500,0.0,0.0,,0.5,1.0,.500,.500,0.0,0.0,,0.0,0.5,0.5,0.0,0.0,0.0,0.5,1.5,1.0
113,Cheick Diallo\diallch01,PF,22,NOP,17,0,9.3,1.5,2.9,.531,0.0,0.1,.000,1.5,2.8,.542,.531,0.9,1.2,.800,1.0,2.6,3.6,0.4,0.2,0.6,0.4,1.1,4.0
114,Hamidou Diallo\diallha01,SG,20,OKC,16,2,14.6,2.4,5.2,.470,0.3,0.9,.267,2.2,4.3,.515,.494,1.1,1.6,.720,1.2,1.6,2.8,0.5,0.9,0.3,0.4,1.9,6.3
115,Gorgui Dieng\dienggo01,C,29,MIN,22,0,13.7,2.0,4.6,.441,0.2,0.8,.235,1.9,3.9,.482,.461,1.1,1.3,.828,1.0,3.3,4.2,0.9,0.5,0.6,0.8,1.7,5.4
116,Spencer Dinwiddie\dinwisp01,PG,25,BRK,23,1,28.3,5.4,11.6,.466,2.0,5.4,.371,3.4,6.2,.549,.553,3.1,3.9,.800,0.6,2.0,2.6,4.8,0.6,0.3,2.1,3.3,15.9
117,Donte DiVincenzo\divindo01,SG,22,MIL,16,0,17.4,2.3,5.4,.430,0.9,3.5,.268,1.4,1.9,.733,.517,0.6,0.7,.818,0.6,2.3,2.9,1.4,0.4,0.1,0.7,1.7,6.1
118,Luka Doncic\doncilu01,PF,19,DAL,20,20,33.2,6.5,14.6,.443,2.4,6.2,.382,4.1,8.4,.488,.524,3.2,4.1,.790,1.1,5.5,6.5,4.3,1.1,0.4,3.8,2.2,18.5
119,Tyler Dorsey\dorsety01,SG,22,ATL,11,0,9.9,1.3,3.6,.350,0.2,1.2,.154,1.1,2.5,.444,.375,0.5,1.1,.417,0.2,1.3,1.5,0.6,0.3,0.0,0.2,0.6,3.2
120,Damyean Dotson\dotsoda01,SG,24,NYK,17,9,26.5,4.4,9.6,.454,1.5,4.2,.352,2.9,5.4,.533,.531,0.6,0.9,.733,0.8,3.5,4.3,0.9,1.0,0.2,0.6,1.8,10.8
121,PJ Dozier\doziepj01,G,22,BOS,1,0,6.0,3.0,5.0,.600,1.0,1.0,1.000,2.0,4.0,.500,.700,0.0,0.0,,2.0,2.0,4.0,0.0,0.0,0.0,0.0,1.0,7.0
122,Goran Dragic\dragigo01,PG,32,MIA,12,12,30.8,5.8,13.8,.416,1.7,5.2,.323,4.1,8.7,.471,.476,3.2,4.2,.760,0.7,2.7,3.3,4.7,0.6,0.3,2.5,2.5,16.3
123,Andre Drummond\drumman01,C,25,DET,19,19,33.3,8.0,15.2,.526,0.2,0.8,.200,7.8,14.4,.544,.531,2.6,5.3,.490,6.3,9.9,16.2,1.5,1.3,1.8,2.5,3.6,18.7
124,Jared Dudley\dudleja01,PF,33,BRK,23,20,22.7,1.6,4.4,.366,0.9,2.9,.299,0.7,1.5,.500,.465,0.3,0.5,.667,0.7,2.2,2.8,1.5,0.6,0.3,0.9,2.7,4.4
125,Kris Dunn\dunnkr01,PG,24,CHI,1,1,30.0,4.0,13.0,.308,1.0,4.0,.250,3.0,9.0,.333,.346,0.0,0.0,,0.0,4.0,4.0,7.0,0.0,0.0,4.0,6.0,9.0
126,Kevin Durant\duranke01,PF,30,GSW,23,23,35.7,10.6,20.6,.513,1.5,4.5,.340,9.0,16.1,.561,.550,7.5,8.0,.930,0.5,7.4,7.9,6.1,0.9,1.1,3.3,2.1,30.1
127,Vince Edwards\edwarvi01,SF,22,HOU,1,0,4.0,1.0,2.0,.500,1.0,2.0,.500,0.0,0.0,,.750,0.0,0.0,,1.0,0.0,1.0,0.0,0.0,0.0,0.0,0.0,3.0
128,Henry Ellenson\ellenhe01,PF,22,DET,1,0,8.0,2.0,5.0,.400,1.0,2.0,.500,1.0,3.0,.333,.500,2.0,2.0,1.000,0.0,3.0,3.0,0.0,0.0,0.0,0.0,1.0,7.0
129,Wayne Ellington\ellinwa01,SG,31,MIA,14,8,26.1,3.3,8.6,.383,2.8,7.4,.379,0.5,1.2,.412,.546,0.8,0.9,.846,0.2,2.0,2.2,1.8,1.4,0.2,0.9,1.9,10.1
130,Joel Embiid\embiijo01,C,24,PHI,24,24,34.1,8.9,18.9,.472,1.3,4.2,.307,7.6,14.7,.520,.507,8.4,10.5,.794,2.3,11.0,13.4,3.5,0.5,2.0,3.0,3.4,27.5
131,James Ennis\ennisja01,SF,28,HOU,18,18,25.5,3.1,6.3,.487,1.4,3.6,.385,1.7,2.7,.625,.597,0.9,1.4,.680,1.1,1.2,2.3,0.7,1.0,0.3,0.7,3.4,8.4
132,Drew Eubanks\eubandr01,PF,21,SAS,3,0,4.3,1.0,1.7,.600,0.0,0.0,,1.0,1.7,.600,.600,0.7,0.7,1.000,0.3,0.0,0.3,0.0,0.0,0.0,0.7,0.0,2.7
133,Jacob Evans\evansja02,SG,21,GSW,14,0,4.9,0.2,1.1,.200,0.1,0.3,.250,0.1,0.8,.182,.233,0.0,0.0,,0.1,0.4,0.5,0.6,0.1,0.1,0.2,0.6,0.5
134,Tyreke Evans\evansty01,SG,29,IND,21,6,21.4,3.7,10.1,.368,1.5,3.9,.378,2.2,6.2,.362,.441,1.6,2.2,.739,0.6,2.2,2.8,2.5,1.3,0.4,1.9,1.8,10.5
135,Dante Exum\exumda01,PG,23,UTA,22,0,17.0,2.2,6.0,.374,0.5,1.7,.270,1.8,4.3,.415,.412,1.8,2.4,.750,0.4,1.4,1.8,2.1,0.3,0.2,1.2,1.8,6.7
136,Kenneth Faried\farieke01,PF,29,BRK,7,0,5.9,1.3,1.7,.750,0.0,0.0,,1.3,1.7,.750,.750,0.4,1.0,.429,0.9,1.3,2.1,0.0,0.1,0.1,0.4,0.3,3.0
137,Derrick Favors\favorde01,C,27,UTA,22,21,23.0,4.2,7.2,.589,0.3,1.1,.292,3.9,6.1,.642,.611,1.7,2.8,.597,3.0,4.1,7.1,0.9,0.8,1.3,1.1,2.4,10.5
138,Cristiano Felicio\feliccr01,C,26,CHI,17,0,12.9,1.5,2.5,.581,0.0,0.1,.000,1.5,2.5,.595,.581,0.7,0.9,.750,1.0,2.7,3.7,0.6,0.1,0.1,0.7,1.2,3.6
139,Raymond Felton\feltora01,PG,34,OKC,12,0,11.3,1.9,5.5,.348,0.3,2.2,.154,1.6,3.3,.475,.379,0.7,0.8,.889,0.3,1.2,1.4,1.9,0.4,0.3,0.8,0.8,4.8
140,Terrance Ferguson\fergute01,SG,20,OKC,15,15,21.3,1.6,4.4,.364,0.7,2.9,.256,0.9,1.5,.565,.447,0.2,0.3,.750,0.7,1.3,2.0,0.7,0.5,0.2,0.9,2.6,4.1
141,Yogi Ferrell\ferreyo01,SG,25,SAC,13,2,13.8,1.8,4.2,.418,0.6,1.8,.333,1.2,2.4,.484,.491,1.2,1.2,1.000,0.2,1.4,1.5,0.9,0.5,0.1,0.5,1.0,5.3
142,Dorian Finney-Smith\finnedo01,SF,25,DAL,20,9,27.1,3.2,7.0,.460,1.5,3.8,.382,1.8,3.2,.556,.565,0.9,1.4,.607,1.9,2.3,4.1,0.8,1.2,0.6,1.1,3.2,8.7
143,Bryn Forbes\forbebr01,PG,25,SAS,22,22,28.0,4.7,10.4,.450,2.3,5.2,.447,2.4,5.2,.452,.561,0.8,1.0,.783,0.2,1.5,1.7,2.3,0.7,0.0,1.2,2.5,12.5
144,Evan Fournier\fournev01,SG,26,ORL,23,23,30.2,5.8,14.1,.414,1.8,6.3,.292,4.0,7.8,.511,.478,1.5,2.0,.739,0.3,2.6,2.8,4.0,1.1,0.3,1.9,2.8,15.0
145,De'Aaron Fox\foxde01,PG,21,SAC,21,21,32.5,6.1,13.0,.471,1.2,3.1,.385,5.0,10.0,.498,.516,4.0,5.7,.692,0.5,3.4,4.0,7.6,1.2,0.5,3.2,2.4,17.4
146,Melvin Frazier\frazime01,SG,22,ORL,2,0,5.5,0.0,0.5,.000,0.0,0.5,.000,0.0,0.0,,.000,0.0,0.0,,0.0,0.0,0.0,0.0,0.0,0.0,0.5,0.5,0.0
147,Tim Frazier\fraziti01,PG,28,NOP,14,4,14.5,1.1,3.0,.357,0.5,1.5,.333,0.6,1.5,.381,.440,0.4,0.6,.667,0.6,1.5,2.1,3.4,0.4,0.1,0.9,1.9,3.1
148,Channing Frye\fryech01,C,35,CLE,4,1,9.5,1.0,2.3,.444,0.8,1.3,.600,0.3,1.0,.250,.611,0.0,0.0,,0.0,2.0,2.0,0.3,0.3,0.0,0.8,1.3,2.8
149,Markelle Fultz\fultzma01,SG,20,PHI,19,15,22.5,3.4,8.2,.419,0.2,0.7,.286,3.2,7.4,.433,.432,1.1,1.9,.568,1.4,2.3,3.7,3.1,0.9,0.3,1.3,2.7,8.2
150,Danilo Gallinari\gallida01,SF,30,LAC,20,20,31.4,5.7,12.9,.438,2.5,5.3,.472,3.2,7.6,.414,.535,5.1,5.5,.936,1.0,5.2,6.1,2.1,0.6,0.4,1.0,2.1,18.9
151,Langston Galloway\gallola01,SG,27,DET,18,0,24.3,3.1,7.6,.412,1.8,5.3,.347,1.3,2.3,.561,.533,1.1,1.3,.833,0.4,2.2,2.6,1.4,0.3,0.1,0.4,2.1,9.2
152,Marc Gasol\gasolma01,C,34,MEM,21,21,35.6,6.4,13.4,.480,1.9,4.6,.417,4.5,8.8,.514,.552,3.6,4.9,.728,1.3,8.4,9.7,4.0,1.7,1.4,1.8,2.9,18.3
153,Pau Gasol\gasolpa01,C,38,SAS,9,0,17.4,2.4,4.8,.512,0.4,0.8,.571,2.0,4.0,.500,.558,1.4,2.0,.722,1.2,4.9,6.1,3.3,0.1,1.0,0.8,1.8,6.8
154,Rudy Gay\gayru01,SF,32,SAS,18,15,26.6,5.2,10.6,.492,1.2,2.6,.468,4.0,8.0,.500,.550,1.5,1.9,.794,1.3,5.9,7.2,2.2,0.7,0.7,1.6,2.6,13.2
155,Paul George\georgpa01,SF,28,OKC,21,21,34.9,8.1,19.5,.418,3.1,8.9,.355,5.0,10.6,.471,.499,4.1,5.0,.827,1.4,6.3,7.7,4.3,2.2,0.9,3.0,3.1,23.5
156,Taj Gibson\gibsota01,PF,33,MIN,22,22,26.4,4.3,8.0,.540,0.4,0.8,.444,4.0,7.2,.551,.563,1.7,2.4,.731,2.8,4.0,6.7,1.5,1.0,0.6,1.0,2.8,10.7
157,Harry Giles\gilesha01,PF,20,SAC,17,0,10.4,2.4,5.2,.449,0.0,0.1,.000,2.4,5.1,.460,.449,0.3,0.7,.417,1.1,2.1,3.2,1.2,0.7,0.2,1.1,2.4,5.0
158,Shai Gilgeous-Alexander\gilgesh01,PG,20,LAC,21,12,28.0,4.0,8.6,.467,0.5,1.5,.344,3.5,7.0,.493,.497,2.4,3.0,.806,0.9,2.6,3.5,3.1,1.0,0.8,2.0,2.0,10.9
159,Rudy Gobert\goberru01,C,26,UTA,23,23,32.3,6.0,8.6,.697,0.0,0.0,,6.0,8.6,.697,.697,3.5,6.0,.587,3.6,9.1,12.7,1.6,1.0,2.0,1.6,3.0,15.5
160,Aaron Gordon\gordoaa01,PF,23,ORL,21,21,32.2,6.3,13.0,.485,1.5,4.3,.356,4.8,8.8,.549,.544,2.0,2.8,.695,1.8,5.4,7.2,2.6,1.0,0.9,1.8,2.5,16.1
161,Eric Gordon\gordoer01,SG,30,HOU,18,8,32.9,5.6,15.4,.365,2.8,9.1,.313,2.8,6.3,.439,.457,2.7,3.3,.800,0.4,2.1,2.5,1.9,0.5,0.5,1.2,1.9,16.7
162,Marcin Gortat\gortama01,C,34,LAC,17,17,17.2,2.4,4.1,.580,0.0,0.0,,2.4,4.1,.580,.580,1.1,1.4,.826,1.4,4.4,5.8,1.5,0.1,0.5,1.0,2.4,5.8
163,Devonte' Graham\grahade01,PG,23,CHO,8,0,8.1,0.9,2.3,.389,0.3,1.5,.167,0.6,0.8,.833,.444,0.0,0.0,,0.0,0.8,0.8,1.1,0.1,0.0,0.5,0.8,2.0
164,Treveon Graham\grahatr01,SG,25,BRK,2,0,13.5,0.0,1.5,.000,0.0,1.0,.000,0.0,0.5,.000,.000,0.0,0.0,,0.5,1.5,2.0,0.5,0.5,0.0,1.0,2.5,0.0
165,Jerami Grant\grantje01,PF,24,OKC,21,18,30.3,4.2,8.5,.500,1.1,3.0,.359,3.1,5.4,.579,.565,2.1,3.2,.672,0.9,4.2,5.1,1.2,0.8,1.1,1.0,2.4,11.7
166,Jerian Grant\grantje02,PG,26,ORL,23,0,19.6,1.7,4.3,.398,0.7,2.0,.378,1.0,2.3,.415,.485,0.3,0.6,.500,0.4,1.6,2.0,3.6,1.0,0.1,1.3,1.7,4.4
167,Danny Green\greenda02,SG,31,TOR,23,23,28.7,3.5,8.0,.443,2.5,5.8,.433,1.0,2.1,.469,.601,0.2,0.2,1.000,0.9,2.9,3.7,1.3,1.0,0.7,1.1,2.4,9.8
168,Draymond Green\greendr01,PF,28,GSW,13,13,30.5,2.8,6.2,.444,0.5,2.1,.222,2.3,4.2,.556,.481,0.9,1.4,.667,0.8,6.7,7.5,7.2,1.8,0.8,3.3,3.1,6.9
169,Gerald Green\greenge01,SG,33,HOU,17,0,17.1,2.5,6.7,.377,1.5,5.2,.295,1.0,1.5,.654,.491,0.4,0.5,.778,0.5,1.9,2.4,0.5,0.3,0.1,0.5,1.5,7.0
170,JaMychal Green\greenja01,PF,28,MEM,9,2,22.1,3.8,8.4,.447,0.7,1.7,.400,3.1,6.8,.459,.487,1.0,1.0,1.000,2.2,4.3,6.6,0.9,0.8,0.8,1.9,2.8,9.2
171,Jeff Green\greenje02,PF,32,WAS,22,2,24.2,3.8,7.7,.491,0.9,2.8,.306,2.9,4.9,.598,.547,1.8,1.9,.952,1.5,3.5,5.0,1.3,0.6,0.5,1.3,2.0,10.2
172,Blake Griffin\griffbl01,PF,29,DET,19,19,36.1,8.5,18.1,.469,2.2,5.9,.372,6.3,12.1,.517,.531,5.6,7.6,.738,1.7,7.9,9.6,5.1,0.7,0.5,3.8,3.1,24.8
173,Daniel Hamilton\hamilda02,SG,23,ATL,2,0,6.0,0.5,2.0,.250,0.0,0.5,.000,0.5,1.5,.333,.250,0.5,1.0,.500,0.0,0.0,0.0,0.5,0.0,0.0,0.5,0.0,1.5
174,Tim Hardaway\hardati02,SG,26,NYK,22,22,33.0,7.0,17.7,.397,2.9,8.2,.356,4.1,9.5,.433,.479,5.2,6.1,.858,0.6,2.9,3.5,2.9,1.0,0.1,2.0,2.5,22.2
175,James Harden\hardeja01,SG,29,HOU,18,18,36.8,9.2,20.9,.438,4.1,11.3,.363,5.1,9.6,.526,.536,8.2,9.9,.827,0.7,5.0,5.7,8.8,2.3,0.6,5.7,3.4,30.7
176,Maurice Harkless\harklma01,SF,25,POR,10,3,15.2,1.2,3.6,.333,0.3,1.7,.176,0.9,1.9,.474,.375,0.3,0.4,.750,0.5,2.6,3.1,0.5,0.6,0.7,0.5,2.0,3.0
177,Montrezl Harrell\harremo01,C,25,LAC,21,0,25.8,6.0,9.2,.649,0.0,0.0,,6.0,9.2,.649,.649,4.3,6.5,.662,2.4,4.9,7.2,1.5,1.0,1.8,1.4,2.8,16.3
178,Devin Harris\harride01,PG,35,DAL,10,0,15.6,2.4,5.3,.453,1.2,3.4,.353,1.2,1.9,.632,.566,1.7,2.3,.739,0.1,1.9,2.0,1.4,1.1,0.4,0.7,1.9,7.7
179,Gary Harris\harriga01,SG,24,DEN,20,20,33.5,6.5,14.7,.440,1.8,5.5,.330,4.7,9.2,.505,.502,2.6,3.3,.800,0.8,2.6,3.4,3.0,1.3,0.5,1.3,2.3,17.3
180,Joe Harris\harrijo01,SG,27,BRK,22,22,29.2,4.7,9.5,.490,2.3,5.3,.440,2.4,4.3,.553,.612,1.2,1.5,.813,0.7,2.6,3.4,2.2,0.6,0.1,1.4,3.1,12.9
181,Tobias Harris\harrito02,PF,26,LAC,21,21,35.0,8.4,16.0,.528,2.1,4.8,.440,6.3,11.2,.566,.594,2.7,3.3,.826,0.8,7.9,8.7,2.3,0.4,0.5,1.8,2.0,21.7
182,Andrew Harrison\harrian01,SG-PG,24,TOT,11,0,13.5,1.2,3.7,.317,0.3,1.4,.200,0.9,2.4,.385,.354,1.5,1.5,1.000,0.4,1.0,1.4,1.5,0.4,0.2,0.9,2.5,4.1
182,Andrew Harrison\harrian01,PG,24,MEM,1,0,5.0,1.0,2.0,.500,0.0,1.0,.000,1.0,1.0,1.000,.500,0.0,0.0,,0.0,0.0,0.0,0.0,0.0,0.0,0.0,1.0,2.0
182,Andrew Harrison\harrian01,SG,24,CLE,10,0,14.4,1.2,3.9,.308,0.3,1.4,.214,0.9,2.5,.360,.346,1.6,1.6,1.000,0.4,1.1,1.5,1.7,0.4,0.2,1.0,2.6,4.3
183,Shaquille Harrison\harrish01,PG,25,CHI,14,0,16.6,1.9,5.1,.361,0.2,1.4,.150,1.6,3.7,.442,.382,1.6,2.6,.611,0.4,2.9,3.4,2.2,1.7,0.2,0.8,1.2,5.5
184,Josh Hart\hartjo01,SG,23,LAL,22,3,24.6,3.3,7.1,.459,1.7,4.5,.388,1.5,2.7,.576,.580,1.0,1.4,.677,0.5,3.0,3.4,1.3,1.2,0.6,0.9,2.1,9.2
185,Isaiah Hartenstein\harteis01,PF,20,HOU,20,0,8.5,0.8,1.7,.485,0.1,0.3,.400,0.7,1.4,.500,.515,0.6,0.7,.786,0.8,0.9,1.6,0.5,0.2,0.5,0.6,2.1,2.3
186,Udonis Haslem\hasleud01,C,38,MIA,2,0,3.0,0.5,2.0,.250,0.0,1.0,.000,0.5,1.0,.500,.250,0.0,0.0,,0.0,0.5,0.5,0.0,0.0,0.0,1.0,1.0,1.0
187,Gordon Hayward\haywago01,SF,28,BOS,20,15,26.6,3.7,9.0,.413,1.1,3.8,.293,2.6,5.2,.500,.475,1.8,2.1,.854,1.0,4.4,5.4,3.3,1.2,0.3,1.5,1.6,10.3
188,John Henson\hensojo01,C,28,MIL,14,0,13.4,2.2,4.8,.463,0.8,2.2,.355,1.4,2.6,.556,.545,0.4,0.7,.600,1.1,3.9,5.1,1.0,0.5,0.8,0.9,1.1,5.6
189,Juan Hernangomez\hernaju01,PF,23,DEN,21,10,25.1,3.1,6.4,.485,1.6,3.5,.459,1.5,2.9,.517,.612,1.2,1.4,.833,1.8,3.7,5.4,0.8,0.5,0.4,0.8,1.8,9.0
190,Willy Hernangomez\hernawi01,C,24,CHO,16,0,13.4,2.3,4.5,.514,0.6,1.1,.588,1.7,3.4,.491,.583,1.8,2.3,.757,1.9,2.8,4.7,0.9,0.5,0.6,0.9,2.1,7.0
191,Mario Hezonja\hezonma01,SF,23,NYK,21,6,19.4,3.3,8.6,.383,0.9,3.2,.265,2.4,5.3,.455,.433,0.7,1.2,.600,0.4,3.2,3.6,1.1,0.9,0.1,1.3,2.0,8.1
192,Buddy Hield\hieldbu01,SG,25,SAC,21,21,31.0,7.1,15.0,.478,2.4,5.7,.425,4.7,9.2,.510,.559,1.7,2.0,.833,1.1,4.4,5.6,2.6,0.5,0.4,2.4,2.5,18.4
193,George Hill\hillge01,PG,32,CLE,10,10,26.5,5.0,9.0,.556,1.2,2.5,.480,3.8,6.5,.585,.622,1.4,1.6,.875,0.8,1.1,1.9,3.0,1.0,0.1,1.6,2.7,12.6
194,Solomon Hill\hillso01,SF,27,NOP,11,1,18.0,1.0,3.1,.324,0.3,1.5,.188,0.7,1.6,.444,.368,0.3,0.5,.500,0.8,2.0,2.8,1.5,0.5,0.3,0.7,1.5,2.5
195,Aaron Holiday\holidaa01,PG,22,IND,12,0,12.3,2.4,5.3,.453,0.7,2.6,.258,1.8,2.8,.636,.516,1.1,1.3,.813,0.1,1.8,1.9,1.3,0.3,0.2,0.9,1.3,6.6
196,Jrue Holiday\holidjr01,SG,28,NOP,23,23,36.4,7.8,16.7,.467,1.3,4.7,.266,6.5,11.9,.547,.505,3.3,4.3,.760,1.1,3.4,4.6,8.9,1.6,0.8,3.9,2.6,20.1
197,Justin Holiday\holidju01,SG,29,CHI,23,23,35.6,4.3,10.5,.413,3.1,7.7,.399,1.3,2.8,.453,.560,0.7,0.9,.850,0.5,4.1,4.6,2.7,1.7,0.5,1.0,2.1,12.5
198,John Holland\hollajo02,SF,30,CLE,1,0,1.0,0.0,0.0,,0.0,0.0,,0.0,0.0,,,0.0,0.0,,0.0,0.0,0.0,0.0,0.0,0.0,0.0,0.0,0.0
199,Rondae Hollis-Jefferson\holliro01,SF,24,BRK,19,4,22.8,3.9,9.1,.428,0.1,0.9,.118,3.8,8.2,.462,.434,2.1,3.4,.625,1.7,4.1,5.7,1.5,0.7,0.5,1.2,1.9,10.0
200,Richaun Holmes\holmeri01,C,25,PHO,21,0,12.6,2.3,3.5,.658,0.0,0.0,,2.3,3.5,.658,.658,0.9,1.7,.543,1.7,2.7,4.4,0.3,0.5,1.0,0.8,2.1,5.5
201,Rodney Hood\hoodro01,SG,26,CLE,21,21,28.2,4.9,11.0,.448,1.3,3.1,.415,3.6,7.9,.461,.507,2.1,2.4,.900,0.4,2.0,2.5,2.2,0.8,0.1,1.0,2.7,13.2
202,Al Horford\horfoal01,C,32,BOS,20,20,30.0,4.9,10.3,.473,1.4,3.9,.346,3.5,6.4,.551,.539,0.9,1.4,.667,1.6,4.7,6.3,3.5,0.9,1.7,1.5,1.8,12.0
203,Danuel House\houseda01,SF,25,HOU,3,0,25.3,3.0,7.3,.409,1.3,5.0,.267,1.7,2.3,.714,.500,2.7,3.3,.800,2.0,2.3,4.3,1.0,0.0,0.0,0.7,3.0,10.0
204,Dwight Howard\howardw01,C,33,WAS,9,9,25.6,4.8,7.7,.623,0.0,0.0,,4.8,7.7,.623,.623,3.2,5.3,.604,2.7,6.6,9.2,0.4,0.8,0.4,1.8,3.8,12.8
205,Kevin Huerter\huertke01,SG,20,ATL,22,6,20.4,2.1,5.4,.395,1.2,3.0,.400,1.0,2.5,.389,.504,0.4,0.5,.667,0.8,2.5,3.3,2.0,0.6,0.3,1.0,1.6,5.8
206,Chandler Hutchison\hutchch01,SF,22,CHI,19,3,19.1,1.8,4.2,.438,0.2,1.1,.190,1.6,3.1,.525,.463,0.8,1.2,.652,0.6,3.4,4.1,0.7,0.6,0.2,0.8,1.6,4.7
207,Serge Ibaka\ibakase01,C,29,TOR,22,14,27.4,7.0,12.4,.564,0.7,2.5,.296,6.3,10.0,.630,.593,2.0,2.6,.776,2.3,5.2,7.5,1.2,0.6,1.4,1.9,3.3,16.8
208,Andre Iguodala\iguodan01,SF,35,GSW,21,8,23.4,1.7,3.8,.450,0.5,1.6,.303,1.2,2.2,.553,.513,0.7,1.0,.636,0.7,2.4,3.1,3.1,0.8,0.6,1.0,1.2,4.6
209,Ersan Ilyasova\ilyaser01,PF,31,MIL,19,1,20.9,2.8,5.9,.478,0.9,2.5,.354,1.9,3.4,.569,.553,0.9,1.2,.818,1.6,4.2,5.7,1.2,0.5,0.2,0.9,3.0,7.5
210,Joe Ingles\inglejo01,SF,31,UTA,23,23,32.6,4.6,10.2,.449,2.3,5.9,.382,2.3,4.3,.541,.560,1.1,1.7,.667,0.3,3.6,3.9,4.5,1.7,0.2,2.6,2.5,12.5
211,Brandon Ingram\ingrabr01,SG,21,LAL,18,18,32.3,6.2,13.3,.464,0.6,1.8,.303,5.6,11.4,.490,.485,2.9,4.5,.642,0.7,3.6,4.2,2.3,0.8,0.7,2.3,2.9,15.8
212,Kyrie Irving\irvinky01,PG,26,BOS,21,21,32.0,8.7,17.9,.484,2.6,6.6,.396,6.0,11.3,.536,.557,2.3,2.9,.803,1.2,3.6,4.9,6.2,1.8,0.5,2.6,2.4,22.3
213,Jonathan Isaac\isaacjo01,SF,21,ORL,17,9,22.6,3.0,6.8,.440,0.7,2.2,.316,2.3,4.6,.500,.491,1.6,2.1,.771,1.2,4.0,5.2,0.8,0.6,1.1,0.9,2.1,8.3
214,Wesley Iwundu\iwundwe01,SF,24,ORL,18,12,16.8,1.5,3.9,.380,0.3,1.0,.278,1.2,2.9,.415,.415,1.2,1.5,.778,0.4,1.6,2.0,0.9,0.3,0.2,0.5,1.6,4.4
215,Demetrius Jackson\jacksde01,PG,24,PHI,1,0,6.0,1.0,1.0,1.000,0.0,0.0,,1.0,1.0,1.000,1.000,0.0,0.0,,0.0,0.0,0.0,0.0,1.0,0.0,1.0,0.0,2.0
216,Frank Jackson\jacksfr01,PG,20,NOP,15,0,12.0,1.5,4.2,.365,0.5,1.8,.296,1.0,2.4,.417,.429,0.7,0.9,.714,0.1,0.6,0.7,0.6,0.1,0.0,0.7,1.5,4.3
217,Jaren Jackson\jacksja02,C,19,MEM,21,19,25.9,5.2,10.0,.521,0.9,2.4,.360,4.4,7.7,.571,.564,2.4,3.2,.761,1.3,3.3,4.6,1.4,1.0,2.0,1.6,4.0,13.8
218,Josh Jackson\jacksjo02,SG,21,PHO,22,4,18.6,3.1,7.7,.400,0.5,2.1,.261,2.5,5.6,.452,.435,1.0,1.6,.611,0.4,2.6,3.0,1.8,0.8,0.5,2.1,2.3,7.7
219,Justin Jackson\jacksju01,SF,23,SAC,20,2,20.4,2.4,5.5,.436,0.9,2.8,.304,1.6,2.7,.574,.514,0.8,1.0,.800,0.4,2.5,2.9,1.5,0.5,0.2,0.3,1.1,6.5
220,Reggie Jackson\jacksre01,PG,28,DET,19,19,28.9,5.2,13.3,.391,2.2,6.5,.339,3.0,6.8,.442,.474,3.6,4.2,.861,0.6,1.9,2.5,4.1,0.7,0.1,1.8,3.0,16.2
221,LeBron James\jamesle01,PF,34,LAL,22,22,34.8,10.2,19.7,.520,2.2,5.9,.372,8.0,13.8,.582,.575,5.5,7.7,.710,1.0,6.8,7.8,6.6,1.3,0.9,3.5,1.9,28.1
222,Jonas Jerebko\jerebjo01,PF,31,GSW,23,4,19.4,2.4,5.3,.455,1.0,2.8,.359,1.4,2.6,.559,.549,1.1,1.3,.862,1.6,4.1,5.7,1.7,0.5,0.2,0.9,2.6,7.0
223,Alize Johnson\johnsal02,PF,22,IND,3,0,3.0,0.3,0.7,.500,0.0,0.0,,0.3,0.7,.500,.500,0.0,0.7,.000,0.0,1.3,1.3,0.0,0.0,0.0,0.0,1.0,0.7
224,Amir Johnson\johnsam01,C,31,PHI,23,0,10.3,1.7,3.0,.559,0.3,0.5,.500,1.4,2.4,.571,.603,0.8,1.0,.783,0.8,2.3,3.1,1.4,0.2,0.3,1.1,2.0,4.3
225,James Johnson\johnsja01,PF,31,MIA,6,4,20.3,1.8,7.3,.250,1.0,2.8,.353,0.8,4.5,.185,.318,1.5,1.7,.900,0.5,1.3,1.8,3.2,0.3,0.0,0.7,2.7,6.2
226,Stanley Johnson\johnsst04,SF,22,DET,18,7,23.7,3.4,8.3,.413,1.3,4.2,.303,2.2,4.1,.527,.490,1.3,1.6,.793,0.7,3.4,4.2,1.3,1.1,0.3,1.4,2.1,9.4
227,Tyler Johnson\johnsty01,PG,26,MIA,16,0,27.2,4.2,9.6,.435,1.4,4.3,.324,2.8,5.4,.523,.506,1.7,2.4,.711,0.6,2.6,3.3,2.4,1.0,0.6,1.6,2.1,11.4
228,Wesley Johnson\johnswe01,SF,31,NOP,17,12,18.4,1.8,4.1,.435,1.0,2.4,.425,0.8,1.7,.448,.558,0.3,0.4,.833,0.6,2.2,2.8,0.9,0.5,0.4,0.6,2.1,4.8
229,Nikola Jokic\jokicni01,C,23,DEN,22,22,29.5,6.0,12.6,.473,1.1,3.6,.316,4.8,9.0,.535,.518,3.3,4.0,.830,2.4,7.2,9.6,7.2,1.3,0.8,2.9,3.1,16.4
230,Damian Jones\jonesda03,C,23,GSW,23,21,17.0,2.2,2.9,.746,0.0,0.0,,2.2,2.9,.746,.746,0.9,1.4,.636,1.2,1.8,3.0,1.1,0.5,1.1,0.7,2.7,5.3
231,Derrick Jones\jonesde02,SF,21,MIA,13,4,14.4,1.8,4.8,.381,0.4,1.2,.313,1.5,3.6,.404,.421,0.8,1.2,.667,1.2,1.7,2.8,0.5,0.3,0.5,0.8,1.8,4.8
232,Tyus Jones\jonesty01,PG,22,MIN,21,2,18.5,1.8,5.3,.342,0.6,2.1,.289,1.2,3.1,.379,.401,0.5,0.7,.714,0.2,1.4,1.7,3.0,1.1,0.0,0.5,0.9,4.7
233,DeAndre Jordan\jordade01,C,30,DAL,20,20,31.8,4.1,6.4,.633,0.0,0.0,,4.1,6.4,.633,.633,3.2,4.2,.771,2.6,10.7,13.2,2.3,0.6,1.1,2.5,2.8,11.3
234,Cory Joseph\josepco01,PG,27,IND,22,0,26.3,3.0,6.6,.462,1.0,2.2,.438,2.1,4.4,.474,.534,0.2,0.4,.444,0.3,3.1,3.4,3.9,1.4,0.2,1.2,1.6,7.2
235,Frank Kaminsky\kaminfr01,PF,25,CHO,11,0,10.8,1.7,4.1,.422,0.5,1.7,.316,1.2,2.4,.500,.489,0.9,1.2,.769,0.5,2.3,2.8,1.1,0.4,0.2,0.9,0.8,4.9
236,Enes Kanter\kanteen01,C,26,NYK,23,11,27.6,6.2,11.6,.536,0.1,0.5,.273,6.1,11.1,.547,.541,2.7,3.3,.840,4.4,7.3,11.8,2.1,0.4,0.5,2.2,2.8,15.3
237,Luke Kennard\kennalu01,SG,22,DET,3,1,14.3,2.7,4.0,.667,0.3,0.7,.500,2.3,3.3,.700,.708,0.0,0.0,,0.0,1.7,1.7,1.0,0.3,0.3,0.3,0.7,5.7
238,Michael Kidd-Gilchrist\kiddgmi01,PF,25,CHO,16,0,20.1,3.4,6.6,.509,0.3,0.6,.400,3.1,6.0,.521,.528,1.6,2.2,.743,1.9,3.8,5.8,1.3,0.4,1.2,0.6,3.1,8.6
239,Maxi Kleber\klebima01,PF,27,DAL,19,0,18.6,2.3,5.0,.463,1.0,2.9,.339,1.3,2.1,.641,.563,0.8,1.1,.762,1.1,2.5,3.6,0.6,0.4,1.3,0.6,1.4,6.5
240,Kevin Knox\knoxke01,PF,19,NYK,16,3,17.9,2.6,7.9,.325,1.1,3.3,.327,1.5,4.6,.324,.393,1.3,1.9,.700,0.7,2.1,2.8,0.4,0.4,0.4,1.0,1.9,7.5
241,Furkan Korkmaz\korkmfu01,SG,21,PHI,16,0,11.7,1.7,4.3,.391,0.7,2.5,.275,1.0,1.8,.552,.471,0.8,0.9,.857,0.3,1.6,1.9,1.1,0.5,0.0,0.3,1.1,4.8
242,Luke Kornet\kornelu01,PF,23,NYK,4,0,3.3,0.0,0.5,.000,0.0,0.5,.000,0.0,0.0,,.000,0.0,0.0,,0.0,0.0,0.0,0.5,0.0,0.0,0.3,0.0,0.0
243,Kyle Korver\korveky01,PF,37,TOT,17,0,16.1,2.4,4.9,.482,1.7,3.5,.483,0.6,1.4,.478,.657,0.8,0.9,.813,0.0,1.8,1.8,1.1,0.2,0.2,1.1,1.3,7.2
243,Kyle Korver\korveky01,PF,37,CLE,16,0,15.7,2.2,4.8,.461,1.6,3.4,.463,0.6,1.4,.455,.625,0.8,1.0,.813,0.0,1.8,1.8,1.1,0.2,0.1,1.1,1.4,6.8
243,Kyle Korver\korveky01,G-F,37,UTA,1,0,22.0,5.0,7.0,.714,4.0,6.0,.667,1.0,1.0,1.000,1.000,0.0,0.0,,0.0,2.0,2.0,1.0,0.0,1.0,1.0,0.0,14.0
244,Kosta Koufos\koufoko01,C,29,SAC,7,0,14.0,2.0,3.9,.519,0.0,0.0,,2.0,3.9,.519,.519,0.0,0.0,,1.1,4.3,5.4,1.0,1.0,0.4,0.4,2.1,4.0
245,Rodions Kurucs\kurucro01,SF,20,BRK,7,0,11.7,2.6,5.0,.514,0.9,2.0,.429,1.7,3.0,.571,.600,0.6,0.6,1.000,1.0,2.0,3.0,0.1,0.1,0.0,0.7,0.6,6.6
246,Kyle Kuzma\kuzmaky01,SF,23,LAL,22,20,30.9,6.5,13.8,.469,1.5,5.2,.298,4.9,8.6,.571,.525,1.9,2.6,.719,0.6,4.6,5.2,1.7,0.5,0.5,1.4,2.3,16.3
247,Skal Labissiere\labissk01,PF,22,SAC,7,0,5.7,0.9,1.9,.462,0.1,0.7,.200,0.7,1.1,.625,.500,0.6,0.7,.800,0.1,1.1,1.3,0.3,0.3,0.1,0.6,1.6,2.4
248,Jeremy Lamb\lambje01,SG,26,CHO,22,22,28.0,5.5,12.0,.457,1.5,4.0,.379,4.0,8.1,.494,.519,2.9,3.2,.900,0.8,4.6,5.4,1.8,1.3,0.4,0.9,2.4,15.4
249,Zach LaVine\lavinza01,SG,23,CHI,22,22,35.9,8.5,19.9,.430,1.7,5.5,.303,6.9,14.3,.479,.473,6.0,6.9,.868,0.4,5.0,5.4,4.8,0.9,0.6,3.9,2.1,24.8
250,Jake Layman\laymaja01,SF,24,POR,19,19,15.8,2.1,4.0,.513,0.8,2.1,.385,1.3,1.9,.649,.612,0.2,0.3,.500,0.6,1.7,2.3,0.4,0.5,0.4,0.6,1.1,5.1
251,T.J. Leaf\leaftj01,PF,21,IND,14,0,7.1,0.9,2.4,.382,0.1,0.7,.200,0.8,1.7,.458,.412,0.0,0.0,,0.5,0.9,1.4,0.3,0.1,0.1,0.3,0.4,2.0
252,Damion Lee\leeda03,SG,26,GSW,11,0,14.5,2.0,4.6,.431,1.1,2.5,.429,0.9,2.1,.435,.549,0.7,0.9,.800,0.1,2.1,2.2,0.2,0.7,0.0,0.5,1.4,5.8
253,Alex Len\lenal01,C,25,ATL,21,17,21.3,4.1,8.0,.509,0.7,2.1,.341,3.4,6.0,.568,.553,1.8,2.8,.644,2.0,3.6,5.6,1.0,0.4,1.0,1.7,3.0,10.7
254,Kawhi Leonard\leonaka01,SF,27,TOR,17,17,34.2,8.9,18.4,.482,1.5,4.2,.347,7.4,14.2,.523,.522,5.8,6.9,.838,1.2,7.3,8.5,3.1,1.7,0.5,2.0,1.6,25.0
255,Meyers Leonard\leoname01,C,26,POR,19,0,13.2,2.2,4.3,.519,1.1,2.1,.513,1.2,2.2,.524,.642,1.0,1.2,.826,1.3,3.3,4.6,1.0,0.3,0.1,0.7,1.3,6.5
256,Jon Leuer\leuerjo01,PF,29,DET,8,0,8.0,1.0,1.9,.533,0.0,0.4,.000,1.0,1.5,.667,.533,0.5,0.8,.667,0.8,1.4,2.1,0.4,0.3,0.0,0.4,1.4,2.5
257,Caris LeVert\leverca01,SF,24,BRK,14,14,29.7,6.9,14.6,.475,1.4,4.4,.311,5.6,10.2,.545,.522,3.1,4.4,.721,1.0,3.3,4.3,3.7,1.2,0.4,2.1,2.4,18.4
258,Damian Lillard\lillada01,PG,28,POR,22,22,35.1,8.7,19.7,.440,3.0,8.1,.365,5.7,11.6,.492,.515,6.3,7.0,.890,0.8,4.3,5.1,6.1,0.8,0.4,2.4,1.6,26.6
259,Jeremy Lin\linje01,PG,30,ATL,21,0,18.9,3.7,7.3,.506,1.2,3.0,.419,2.5,4.4,.565,.591,2.6,3.0,.844,0.2,2.1,2.3,3.1,0.9,0.1,2.1,2.0,11.2
260,Shaun Livingston\livinsh01,PG,33,GSW,14,0,16.5,2.0,4.6,.438,0.0,0.1,.000,2.0,4.5,.444,.438,1.1,1.4,.800,1.0,1.2,2.2,2.2,0.6,0.5,0.5,1.3,5.1
261,Zach Lofton\loftoza01,SG,26,DET,1,0,4.0,0.0,1.0,.000,0.0,1.0,.000,0.0,0.0,,.000,0.0,0.0,,0.0,0.0,0.0,0.0,1.0,0.0,1.0,0.0,0.0
262,Kevon Looney\looneke01,C,22,GSW,23,2,18.9,2.3,3.9,.607,0.0,0.1,.000,2.3,3.7,.628,.607,1.2,1.8,.683,2.5,2.8,5.3,1.7,0.3,0.8,0.8,2.7,5.9
263,Brook Lopez\lopezbr01,C,30,MIL,21,21,27.3,4.0,9.5,.427,2.5,6.8,.364,1.6,2.7,.589,.558,1.0,1.1,.913,0.4,3.4,3.8,1.1,0.3,1.7,0.9,2.3,11.6
264,Robin Lopez\lopezro01,C,30,CHI,17,0,17.1,2.4,4.5,.539,0.1,0.4,.286,2.3,4.1,.565,.553,0.4,0.6,.700,1.1,1.0,2.1,1.2,0.2,1.0,1.3,2.1,5.4
265,Kevin Love\loveke01,PF,30,CLE,4,4,34.0,5.3,16.3,.323,1.8,6.0,.292,3.5,10.3,.341,.377,6.8,8.3,.818,2.5,11.0,13.5,3.5,0.3,0.3,2.5,3.5,19.0
266,Kyle Lowry\lowryky01,PG,32,TOR,23,23,34.1,5.3,11.7,.454,2.3,6.4,.358,3.0,5.3,.570,.552,2.5,3.0,.826,0.6,3.9,4.5,10.3,1.3,0.3,2.7,2.2,15.4
267,Jordan Loyd\loydjo01,PG,25,TOR,3,0,5.7,1.0,1.0,1.000,0.7,0.7,1.000,0.3,0.3,1.000,1.333,1.3,1.3,1.000,0.3,1.3,1.7,0.3,0.0,0.0,0.3,0.7,4.0
268,Timothe Luwawu-Cabarrot\luwawti01,SF,23,OKC,14,1,8.0,0.9,2.8,.333,0.4,1.4,.250,0.6,1.4,.421,.397,0.3,0.4,.667,0.3,0.9,1.1,0.3,0.3,0.1,0.4,0.9,2.5
269,Tyler Lydon\lydonty01,PF,22,DEN,7,0,3.7,0.9,1.1,.750,0.4,0.6,.750,0.4,0.6,.750,.938,0.1,0.3,.500,0.3,0.3,0.6,0.0,0.0,0.0,0.1,0.3,2.3
270,Trey Lyles\lylestr01,PF,23,DEN,22,0,20.2,4.0,8.9,.449,0.9,3.2,.271,3.1,5.7,.548,.497,1.7,2.5,.673,0.7,3.9,4.6,1.5,0.5,0.3,1.6,1.8,10.5
271,Shelvin Mack\macksh01,PG,28,MEM,21,0,25.5,3.6,7.9,.461,1.2,2.9,.417,2.4,5.0,.486,.536,1.3,1.9,.675,0.3,2.0,2.3,3.6,1.1,0.1,1.2,1.5,9.7
272,Daryl Macon\maconda01,SG,23,DAL,1,0,1.0,0.0,0.0,,0.0,0.0,,0.0,0.0,,,0.0,0.0,,0.0,0.0,0.0,0.0,0.0,0.0,0.0,0.0,0.0
273,Ian Mahinmi\mahinia01,C,32,WAS,12,6,14.3,1.0,2.3,.429,0.1,0.5,.167,0.9,1.8,.500,.446,2.0,3.0,.667,1.5,2.0,3.5,0.4,0.5,0.4,0.6,2.6,4.1
274,Thon Maker\makerth01,C,21,MIL,13,0,11.7,1.8,4.4,.404,0.9,2.8,.324,0.8,1.5,.550,.509,0.2,0.5,.333,0.5,2.4,2.9,0.6,0.2,0.7,0.3,1.5,4.6
275,Boban Marjanovic\marjabo01,C,30,LAC,16,4,11.3,2.8,4.4,.620,0.0,0.1,.000,2.8,4.4,.629,.620,2.2,2.9,.745,1.8,3.1,4.9,0.6,0.3,0.9,0.9,1.8,7.7
276,Jarell Martin\martija01,PF,24,ORL,14,1,10.3,1.1,3.2,.356,0.2,1.2,.176,0.9,2.0,.464,.389,0.4,0.4,1.000,0.4,1.9,2.3,0.6,0.1,0.2,0.4,1.1,2.9
277,Frank Mason\masonfr01,PG,24,SAC,20,0,13.7,1.9,4.8,.385,0.3,1.7,.176,1.6,3.1,.500,.417,1.2,1.7,.727,0.2,1.2,1.3,3.0,0.5,0.2,1.0,0.9,5.2
278,Wesley Matthews\matthwe02,SG,32,DAL,16,16,31.7,5.3,12.0,.438,2.5,6.6,.381,2.8,5.4,.506,.542,2.5,3.1,.800,0.6,1.9,2.5,2.3,0.8,0.3,1.3,2.2,15.5
279,Luc Mbah a Moute\mbahalu01,PF,32,LAC,4,0,15.3,2.0,4.5,.444,0.5,1.5,.333,1.5,3.0,.500,.500,0.5,1.3,.400,0.5,1.3,1.8,0.5,0.3,0.3,0.5,2.0,5.0
280,CJ McCollum\mccolcj01,SG,27,POR,22,22,33.9,8.3,17.8,.467,2.2,6.0,.366,6.1,11.9,.517,.528,2.5,3.1,.824,1.1,2.8,4.0,2.3,0.8,0.3,1.6,2.5,21.4
281,T.J. McConnell\mccontj01,PG,26,PHI,18,0,15.5,2.1,3.9,.529,0.1,0.5,.222,1.9,3.4,.574,.543,0.4,0.4,1.000,0.2,1.4,1.6,2.6,0.8,0.3,1.0,1.3,4.7
282,Doug McDermott\mcderdo01,SF,27,IND,22,0,17.5,2.5,4.9,.509,1.3,3.0,.439,1.2,1.9,.619,.644,1.0,1.1,.875,0.2,1.0,1.3,0.8,0.4,0.1,0.3,1.5,7.3
283,JaVale McGee\mcgeeja01,C,31,LAL,22,22,24.3,5.4,8.6,.621,0.0,0.2,.250,5.3,8.5,.629,.624,1.3,1.9,.683,2.4,4.0,6.4,1.0,0.9,2.8,1.5,2.6,12.0
284,Rodney McGruder\mcgruro01,SG,27,MIA,21,21,33.3,4.7,10.6,.441,1.6,4.3,.363,3.1,6.2,.496,.516,1.2,1.7,.743,1.0,3.9,5.0,3.2,1.0,0.2,1.5,2.8,12.1
285,Alfonzo McKinnie\mckinal01,SF,26,GSW,16,0,15.7,2.4,4.8,.513,0.9,1.9,.484,1.5,2.8,.533,.612,0.4,0.8,.538,1.2,2.6,3.8,0.5,0.2,0.2,0.4,2.0,6.3
286,Ben McLemore\mclembe01,SG,25,SAC,6,0,5.0,0.7,2.2,.308,0.7,1.7,.400,0.0,0.5,.000,.462,0.0,0.3,.000,0.0,0.0,0.0,0.3,0.0,0.0,0.2,0.7,2.0
287,Jordan McRae\mcraejo01,SG,27,WAS,4,0,5.5,0.3,1.8,.143,0.0,0.5,.000,0.3,1.3,.200,.143,0.0,0.0,,0.0,1.0,1.0,0.5,0.0,0.3,0.0,0.0,0.5
288,Salah Mejri\mejrisa01,C,32,DAL,7,0,6.1,0.9,1.4,.600,0.0,0.1,.000,0.9,1.3,.667,.600,0.6,0.6,1.000,0.6,1.9,2.4,0.4,0.0,0.1,0.3,1.0,2.3
289,De'Anthony Melton\meltode01,PG,20,PHO,5,0,9.4,0.8,2.8,.286,0.4,1.6,.250,0.4,1.2,.333,.357,0.0,0.0,,0.0,1.6,1.6,0.6,0.8,0.2,0.8,1.6,2.0
290,Chimezie Metu\metuch01,PF,21,SAS,12,0,6.0,0.8,2.3,.357,0.0,0.2,.000,0.8,2.2,.385,.357,0.6,0.8,.778,0.6,1.1,1.7,0.7,0.2,0.2,0.6,0.4,2.3
291,Khris Middleton\middlkh01,SF,27,MIL,21,21,31.4,6.3,14.0,.451,3.0,7.3,.416,3.2,6.6,.489,.560,3.2,3.6,.907,0.4,5.2,5.6,4.1,1.3,0.1,2.3,2.7,18.9
292,C.J. Miles\milescj01,SF,31,TOR,17,0,13.8,1.7,5.2,.326,1.0,3.5,.283,0.7,1.7,.414,.421,0.8,1.1,.722,0.4,1.4,1.8,0.7,0.3,0.4,0.6,1.6,5.2
293,Darius Miller\milleda01,SF,28,NOP,19,0,19.6,1.8,4.7,.393,1.3,3.7,.357,0.5,1.0,.526,.534,0.1,0.2,.667,0.2,1.1,1.3,1.4,0.5,0.3,0.7,2.1,5.1
294,Patty Mills\millspa02,PG,30,SAS,22,0,25.4,3.5,8.0,.438,1.7,4.3,.389,1.8,3.7,.494,.543,1.0,1.3,.793,0.3,2.6,2.9,2.4,0.7,0.2,0.9,1.5,9.7
295,Paul Millsap\millspa01,PF,33,DEN,22,22,26.8,5.0,10.0,.502,0.9,2.3,.400,4.1,7.8,.532,.548,2.6,3.7,.716,2.2,4.8,7.0,2.0,1.5,1.2,1.6,2.6,13.6
296,Shake Milton\miltosh01,G,22,PHI,1,0,11.0,2.0,4.0,.500,1.0,2.0,.500,1.0,2.0,.500,.625,0.0,0.0,,0.0,0.0,0.0,2.0,1.0,1.0,0.0,1.0,5.0
297,Nikola Mirotic\mirotni01,PF,27,NOP,21,21,31.5,6.6,14.1,.470,2.7,7.4,.368,3.9,6.7,.582,.566,3.0,3.7,.831,1.9,8.2,10.1,1.1,0.9,0.7,1.2,2.3,19.0
298,Donovan Mitchell\mitchdo01,SG,22,UTA,19,19,32.7,8.1,18.8,.431,1.9,6.7,.289,6.2,12.1,.511,.483,3.4,4.2,.800,0.4,2.5,2.9,3.7,1.7,0.4,2.6,2.4,21.5
299,Naz Mitrou-Long\mitrona01,SG,25,UTA,1,0,4.0,0.0,1.0,.000,0.0,1.0,.000,0.0,0.0,,.000,0.0,0.0,,0.0,0.0,0.0,0.0,0.0,0.0,0.0,1.0,0.0
300,Malik Monk\monkma01,SG,20,CHO,21,0,20.0,3.7,9.9,.370,1.8,5.5,.330,1.9,4.4,.419,.462,1.5,1.7,.886,0.2,1.5,1.7,2.0,0.6,0.2,1.2,1.7,10.6
301,Greg Monroe\monrogr01,C,28,TOR,10,0,7.4,1.7,3.3,.515,0.0,0.2,.000,1.7,3.1,.548,.515,0.3,0.6,.500,1.1,1.9,3.0,0.4,0.3,0.0,0.8,0.9,3.7
302,E'Twaun Moore\mooreet01,SF,29,NOP,23,23,31.1,6.2,11.8,.528,1.6,3.5,.450,4.7,8.3,.560,.594,1.1,1.6,.676,0.9,1.6,2.5,2.2,0.8,0.3,1.4,2.7,15.1
303,Jaylen Morris\morrija01,SG,23,MIL,2,0,6.5,1.5,2.0,.750,0.5,0.5,1.000,1.0,1.5,.667,.875,0.0,0.0,,0.0,1.0,1.0,0.5,0.5,0.0,0.5,0.5,3.5
304,Marcus Morris\morrima03,PF,29,BOS,21,4,26.4,5.0,10.3,.486,2.0,4.7,.434,3.0,5.6,.530,.586,1.9,2.1,.867,0.8,5.7,6.5,1.4,0.5,0.1,1.7,2.8,13.9
305,Markieff Morris\morrima02,PF,29,WAS,21,15,26.4,4.0,9.3,.431,1.5,4.2,.348,2.5,5.0,.500,.510,1.7,2.0,.833,1.3,4.0,5.3,1.7,0.7,0.6,1.3,3.1,11.1
306,Monte Morris\morrimo01,PG,23,DEN,22,1,24.2,3.6,7.7,.473,0.9,2.0,.422,2.8,5.6,.492,.530,0.9,1.0,.826,0.3,2.3,2.6,4.1,0.8,0.0,0.5,1.2,9.0
307,Emmanuel Mudiay\mudiaem01,PG,22,NYK,16,9,21.4,4.0,8.6,.464,0.8,2.7,.302,3.2,5.9,.537,.511,1.6,2.3,.703,0.6,2.1,2.8,2.3,0.9,0.5,1.5,1.6,10.4
308,Jamal Murray\murraja01,PG,21,DEN,22,21,33.8,6.5,15.5,.419,1.5,5.0,.312,5.0,10.5,.470,.469,2.6,3.0,.864,0.8,3.4,4.2,4.6,0.9,0.5,2.3,2.1,17.1
309,Dzanan Musa\musadz01,SG,19,BRK,6,0,3.7,0.8,2.0,.417,0.0,0.8,.000,0.8,1.2,.714,.417,0.0,0.3,.000,0.2,0.3,0.5,0.2,0.3,0.0,0.5,0.2,1.7
310,Mike Muscala\muscami01,PF,27,PHI,18,1,23.5,2.2,5.9,.374,1.5,4.5,.333,0.7,1.4,.500,.500,2.1,2.5,.822,1.2,3.4,4.6,1.3,0.3,0.5,1.1,2.8,8.0
311,Svi Mykhailiuk\mykhasv01,SF,21,LAL,11,0,9.2,0.7,2.5,.296,0.5,1.5,.313,0.3,1.0,.273,.389,0.4,0.7,.500,0.2,0.4,0.5,1.0,0.3,0.0,0.5,0.5,2.3
312,Abdel Nader\naderab01,SF,25,OKC,9,0,3.3,0.7,1.3,.500,0.0,0.3,.000,0.7,1.0,.667,.500,0.0,0.0,,0.1,0.8,0.9,0.1,0.2,0.1,0.2,0.3,1.3
313,Larry Nance\nancela02,C,26,CLE,19,7,23.5,2.9,5.9,.487,0.3,0.8,.375,2.6,5.1,.505,.513,1.2,1.8,.657,1.8,4.9,6.7,2.7,1.2,0.6,1.2,2.7,7.3
314,Shabazz Napier\napiesh01,PG,27,BRK,19,0,15.6,2.5,6.4,.393,1.2,2.7,.423,1.4,3.7,.371,.484,2.0,2.4,.826,0.3,1.3,1.6,1.5,0.7,0.3,0.9,1.3,8.2
315,Raul Neto\netora01,PG,26,UTA,6,0,11.7,1.8,4.0,.458,0.5,1.5,.333,1.3,2.5,.533,.521,1.0,1.0,1.000,0.2,1.0,1.2,2.5,0.5,0.0,1.5,1.0,5.2
316,Georges Niang\niangge01,PF,25,UTA,18,0,7.4,1.1,2.6,.426,0.7,1.8,.375,0.4,0.8,.533,.553,0.3,0.4,.857,0.2,1.1,1.2,0.4,0.2,0.1,0.3,0.9,3.2
317,Nerlens Noel\noelne01,C,24,OKC,20,1,13.7,2.3,3.6,.648,0.0,0.0,,2.3,3.6,.648,.648,1.0,1.3,.769,2.2,2.9,5.1,0.5,1.0,1.3,0.5,2.4,5.6
318,Frank Ntilikina\ntilila01,PG,20,NYK,23,14,23.1,2.2,6.7,.333,0.8,3.0,.257,1.4,3.6,.398,.392,0.7,0.7,.938,0.1,1.8,1.9,2.7,0.8,0.4,1.3,2.7,5.9
319,James Nunnally\nunnaja01,SF,28,MIN,7,0,6.4,0.7,2.0,.357,0.3,1.3,.222,0.4,0.7,.600,.429,0.6,0.6,1.000,0.0,0.4,0.4,0.6,0.1,0.0,0.1,0.4,2.3
320,Jusuf Nurkic\nurkiju01,C,24,POR,22,22,26.0,5.7,11.0,.514,0.1,1.0,.143,5.5,10.1,.550,.521,3.7,4.9,.757,4.0,6.5,10.5,2.2,0.9,1.1,2.0,3.0,15.2
321,David Nwaba\nwabada01,SG,26,CLE,14,3,17.4,2.0,4.7,.424,0.4,1.6,.227,1.6,3.1,.523,.462,1.8,2.6,.676,0.5,2.2,2.7,0.6,0.7,0.4,0.4,1.6,6.1
322,Royce O'Neale\onealro01,SF,25,UTA,23,3,16.8,1.7,3.7,.465,0.4,1.2,.333,1.3,2.6,.525,.517,0.4,0.6,.769,0.3,2.4,2.7,1.0,0.5,0.1,0.9,1.8,4.3
323,Kyle O'Quinn\oquinky01,C,28,IND,13,0,5.8,0.9,2.2,.429,0.0,0.2,.000,0.9,1.9,.480,.429,0.5,0.5,1.000,0.8,1.5,2.2,1.3,0.1,0.5,0.6,1.2,2.3
324,Semi Ojeleye\ojelese01,PF,24,BOS,15,1,10.7,1.1,2.5,.421,0.4,1.3,.316,0.7,1.3,.526,.500,0.2,0.5,.429,0.3,1.2,1.5,0.1,0.2,0.1,0.4,0.6,2.7
325,Jahlil Okafor\okafoja01,C,23,NOP,10,2,6.0,1.2,2.6,.462,0.0,0.0,,1.2,2.6,.462,.462,0.6,0.6,1.000,1.0,0.9,1.9,0.1,0.0,0.0,0.6,1.1,3.0
326,Elie Okobo\okoboel01,PG,21,PHO,13,2,17.5,2.7,6.5,.417,0.8,2.7,.314,1.8,3.8,.490,.482,1.0,1.1,.929,0.2,1.5,1.7,2.4,0.5,0.1,1.1,2.2,7.2
327,Josh Okogie\okogijo01,SG,20,MIN,16,7,21.1,2.8,7.4,.381,0.9,3.1,.306,1.9,4.3,.435,.445,1.2,1.6,.760,0.8,2.8,3.5,1.1,0.9,0.3,1.1,2.1,7.8
328,Victor Oladipo\oladivi01,SG,26,IND,16,16,32.4,8.1,18.3,.440,2.4,6.9,.345,5.7,11.4,.497,.505,2.9,4.1,.712,0.5,6.1,6.6,4.7,1.6,0.5,2.3,2.0,21.4
329,Kelly Olynyk\olynyke01,PF,27,MIA,20,5,18.2,2.6,5.6,.468,1.3,3.7,.356,1.3,1.9,.684,.586,1.8,2.3,.783,0.8,2.8,3.6,1.9,0.6,0.4,1.4,2.3,8.3
330,Cedi Osman\osmande01,SF,23,CLE,19,18,31.7,4.1,10.8,.376,1.6,4.8,.330,2.5,6.0,.412,.449,1.7,2.1,.800,0.6,4.5,5.2,2.5,0.7,0.3,2.0,2.3,11.4
331,Kelly Oubre\oubreke01,SF,23,WAS,22,7,25.0,4.2,10.3,.407,1.3,4.7,.282,2.9,5.6,.512,.471,2.2,2.8,.803,0.7,3.8,4.5,0.7,0.9,0.7,1.0,2.2,11.9
332,Zaza Pachulia\pachuza01,C,34,DET,19,0,12.7,1.1,3.0,.368,0.0,0.0,,1.1,3.0,.368,.368,1.9,2.3,.841,1.7,2.6,4.4,1.2,0.7,0.2,0.8,2.2,4.2
333,Jabari Parker\parkeja01,PF,23,CHI,23,16,32.1,6.5,14.4,.452,1.1,3.7,.294,5.4,10.7,.506,.489,2.3,3.3,.707,1.3,6.0,7.2,2.4,0.7,0.4,2.7,2.4,16.4
334,Tony Parker\parketo01,PG,36,CHO,19,0,19.5,4.2,8.9,.473,0.3,1.2,.273,3.9,7.7,.503,.491,1.3,2.1,.641,0.2,1.5,1.6,4.5,0.3,0.1,1.2,0.9,10.1
335,Chandler Parsons\parsoch01,SF,30,MEM,3,3,15.3,2.3,5.7,.412,1.0,3.3,.300,1.3,2.3,.571,.500,0.0,0.0,,0.3,1.0,1.3,0.7,0.3,0.3,0.7,2.3,5.7
336,Patrick Patterson\pattepa01,PF,29,OKC,21,3,16.2,1.7,4.9,.340,1.0,3.2,.313,0.7,1.7,.389,.442,0.6,1.0,.650,0.8,2.0,2.9,0.5,0.4,0.2,0.4,1.0,5.0
337,Chris Paul\paulch01,PG,33,HOU,16,16,34.3,6.1,14.0,.438,2.3,6.1,.371,3.9,7.9,.488,.518,3.1,3.9,.794,0.6,4.2,4.8,7.8,2.1,0.3,3.0,2.7,17.6
338,Cameron Payne\payneca01,PG,24,CHI,21,12,18.8,2.4,5.9,.403,0.6,2.2,.283,1.8,3.7,.474,.456,0.9,1.0,.950,0.5,1.5,2.0,2.6,0.6,0.2,1.1,1.7,6.3
339,Elfrid Payton\paytoel01,PG,24,NOP,6,6,25.3,4.0,8.5,.471,0.5,1.2,.429,3.5,7.3,.477,.500,1.2,1.8,.636,1.2,4.0,5.2,5.3,0.8,0.2,2.0,2.7,9.7
340,Theo Pinson\pinsoth01,SG,23,BRK,2,0,5.0,0.0,1.5,.000,0.0,1.0,.000,0.0,0.5,.000,.000,1.0,1.0,1.000,0.0,0.5,0.5,1.5,0.0,0.0,0.0,0.0,1.0
341,Mason Plumlee\plumlma01,C,28,DEN,22,0,17.0,2.9,4.7,.606,0.0,0.1,.333,2.8,4.6,.614,.611,1.0,2.3,.460,2.0,3.0,5.1,2.0,1.2,0.9,1.3,3.0,6.8
342,Miles Plumlee\plumlmi01,C,30,ATL,14,0,10.4,2.1,3.1,.698,0.0,0.0,,2.1,3.1,.698,.698,0.9,1.6,.545,1.1,1.4,2.5,0.9,0.4,0.2,0.5,0.9,5.1
343,Jakob Poeltl\poeltja01,C,23,SAS,18,3,12.3,1.9,3.2,.596,0.0,0.0,,1.9,3.2,.596,.596,0.9,1.5,.630,2.3,1.9,4.2,0.9,0.2,0.4,0.7,1.2,4.7
344,Quincy Pondexter\pondequ01,SF,30,SAS,18,0,6.3,0.7,1.3,.500,0.1,0.5,.222,0.6,0.8,.667,.542,1.2,1.4,.840,0.2,0.9,1.2,0.4,0.4,0.0,0.4,0.8,2.6
345,Otto Porter\porteot01,SF,25,WAS,20,20,29.4,4.6,9.5,.484,1.4,3.8,.360,3.3,5.8,.565,.555,1.2,1.5,.800,0.9,4.4,5.3,2.0,1.5,0.6,0.8,1.5,11.8
346,Bobby Portis\portibo01,PF,23,CHI,4,4,28.3,4.3,10.3,.415,0.8,2.8,.273,3.5,7.5,.467,.451,1.3,2.3,.556,1.5,8.5,10.0,2.0,0.5,1.0,1.3,3.5,10.5
347,Dwight Powell\poweldw01,C,27,DAL,17,0,16.1,3.2,5.1,.628,0.3,1.5,.200,2.9,3.6,.803,.657,2.6,3.3,.786,1.0,2.9,3.9,1.0,0.8,0.6,0.8,2.6,9.2
348,Norman Powell\powelno01,SG,25,TOR,11,2,14.9,1.8,3.8,.476,0.8,2.0,.409,1.0,1.8,.550,.583,0.5,0.7,.750,0.2,1.8,2.0,0.9,0.5,0.1,0.7,1.5,5.0
349,Alex Poythress\poythal01,PF,25,ATL,13,1,15.0,2.0,3.8,.531,0.4,1.1,.357,1.6,2.7,.600,.582,0.6,1.3,.471,1.5,2.2,3.8,0.8,0.2,0.4,0.6,2.4,5.0
350,Zhou Qi\qizh01,PF,23,HOU,1,0,1.0,1.0,1.0,1.000,0.0,0.0,,1.0,1.0,1.000,1.000,0.0,0.0,,0.0,0.0,0.0,0.0,0.0,0.0,0.0,0.0,2.0
351,Ivan Rabb\rabbiv01,PF,21,MEM,8,0,6.6,1.0,1.6,.615,0.0,0.1,.000,1.0,1.5,.667,.615,0.4,0.6,.600,0.5,1.8,2.3,0.6,0.1,0.1,1.0,1.1,2.4
352,Julius Randle\randlju01,C,24,NOP,23,4,26.3,6.4,11.6,.551,0.5,1.7,.282,5.9,9.9,.596,.571,4.4,6.1,.729,2.6,6.4,9.0,2.7,0.7,0.6,2.6,3.1,17.7
353,J.J. Redick\redicjj01,SG,34,PHI,24,11,30.5,6.2,13.9,.444,2.8,7.7,.359,3.4,6.2,.550,.544,3.1,3.3,.925,0.3,2.0,2.3,3.0,0.2,0.1,1.5,1.9,18.2
354,Davon Reed\reedda01,SG,23,IND,3,0,2.0,0.0,0.0,,0.0,0.0,,0.0,0.0,,,0.0,0.0,,0.0,0.0,0.0,0.0,0.0,0.0,0.0,0.3,0.0
355,Josh Richardson\richajo01,SG,25,MIA,21,21,35.0,7.1,16.7,.429,2.9,6.9,.414,4.3,9.8,.439,.514,3.3,4.0,.833,0.9,3.2,4.0,3.1,1.4,0.7,2.2,3.3,20.5
356,Malachi Richardson\richama01,SG,23,TOR,12,0,5.7,0.4,1.5,.278,0.3,1.3,.267,0.1,0.3,.333,.389,0.2,0.3,.667,0.1,0.8,0.8,0.0,0.1,0.0,0.6,0.7,1.3
357,Austin Rivers\riverau01,SG,26,WAS,22,0,22.6,2.7,6.5,.410,1.1,3.5,.312,1.6,3.0,.522,.493,0.8,1.4,.581,0.4,1.9,2.3,1.7,0.7,0.4,1.3,2.4,7.3
358,Devin Robinson\robinde01,SF,23,WAS,2,0,9.0,2.0,3.5,.571,0.0,0.0,,2.0,3.5,.571,.571,1.0,1.5,.667,1.0,2.0,3.0,0.5,1.0,0.5,0.0,1.0,5.0
359,Duncan Robinson\robindu01,PF,24,MIA,4,0,7.3,0.5,1.5,.333,0.5,1.5,.333,0.0,0.0,,.500,0.0,0.0,,0.0,1.3,1.3,0.0,0.3,0.0,0.0,0.3,1.5
360,Glenn Robinson\robingl02,SF,25,DET,18,11,16.2,1.9,4.4,.443,0.6,1.7,.323,1.4,2.7,.521,.506,1.2,1.4,.846,0.1,1.3,1.4,0.4,0.3,0.3,0.5,1.1,5.7
361,Jerome Robinson\robinje01,SG,21,LAC,8,0,5.0,1.1,2.3,.500,0.6,1.1,.556,0.5,1.1,.444,.639,0.0,0.0,,0.0,0.4,0.4,0.1,0.0,0.0,0.1,0.8,2.9
362,Mitchell Robinson\robinmi01,C,20,NYK,21,12,17.3,2.0,3.2,.632,0.0,0.0,,2.0,3.2,.632,.632,0.7,1.1,.583,2.1,2.0,4.0,0.4,0.7,2.0,0.5,3.2,4.8
363,Rajon Rondo\rondora01,PG,32,LAL,11,2,25.3,3.6,8.0,.455,0.8,1.9,.429,2.8,6.1,.463,.506,0.4,0.7,.500,0.9,3.6,4.5,6.5,1.2,0.0,2.3,2.3,8.5
364,Derrick Rose\rosede01,PG,30,MIN,20,5,29.5,7.1,14.3,.498,1.8,3.7,.486,5.3,10.6,.502,.561,3.0,3.5,.855,0.8,2.6,3.3,4.4,0.5,0.3,1.8,1.2,19.0
365,Terrence Ross\rosste01,SG,27,ORL,23,0,25.2,5.3,11.8,.452,2.3,5.7,.405,3.0,6.1,.496,.550,1.3,1.5,.829,0.2,2.8,3.0,1.7,1.0,0.5,1.4,2.1,14.3
366,Terry Rozier\roziete01,PG,24,BOS,22,1,22.3,3.1,8.2,.376,1.3,3.5,.359,1.8,4.7,.388,.453,0.8,1.2,.692,0.3,3.5,3.8,2.1,0.6,0.2,0.7,1.6,8.3
367,Ricky Rubio\rubiori01,PG,28,UTA,23,23,29.6,4.0,10.8,.373,1.4,4.4,.317,2.7,6.4,.412,.438,2.8,3.4,.821,0.3,3.0,3.4,6.4,1.5,0.2,3.0,3.1,12.3
368,D'Angelo Russell\russeda01,PG,22,BRK,23,23,29.1,6.9,16.9,.407,2.5,6.8,.363,4.4,10.0,.437,.481,1.7,2.3,.755,0.5,3.4,3.9,5.7,1.3,0.3,2.7,1.7,18.0
369,Domantas Sabonis\sabondo01,C,22,IND,21,1,24.8,5.8,8.9,.652,0.2,0.3,.833,5.6,8.6,.646,.666,3.1,4.1,.756,2.4,7.8,10.2,3.2,0.6,0.6,2.3,3.1,15.0
370,Dario Saric\saricda01,PF,24,TOT,21,13,27.4,3.8,9.7,.387,1.5,4.9,.304,2.3,4.9,.471,.463,1.9,2.1,.909,1.8,4.6,6.4,1.6,0.5,0.2,1.7,2.8,10.9
370,Dario Saric\saricda01,PF,24,PHI,13,13,30.5,3.7,10.2,.364,1.6,5.4,.300,2.1,4.8,.435,.443,2.1,2.3,.900,1.6,5.0,6.6,2.0,0.3,0.2,1.9,3.0,11.1
370,Dario Saric\saricda01,PF,24,MIN,8,0,22.5,3.9,9.0,.431,1.3,4.0,.313,2.6,5.0,.525,.500,1.6,1.8,.929,2.0,4.0,6.0,1.0,0.8,0.1,1.3,2.5,10.6
371,Tomas Satoransky\satorto01,SG,27,WAS,22,0,14.9,1.7,3.7,.457,0.3,0.9,.350,1.4,2.8,.492,.500,1.3,1.4,.933,0.5,1.2,1.8,2.6,0.7,0.2,0.7,1.5,5.0
372,Dennis Schroder\schrode01,PG,25,OKC,21,9,29.7,6.2,15.0,.417,1.5,4.2,.348,4.8,10.7,.444,.467,2.9,3.3,.857,0.6,3.6,4.2,5.1,1.2,0.2,2.9,2.7,16.8
373,Mike Scott\scottmi01,PF,30,LAC,21,0,15.2,2.0,4.3,.451,1.2,2.8,.431,0.8,1.6,.485,.588,0.1,0.1,1.000,0.3,3.0,3.3,1.0,0.4,0.2,0.6,1.7,5.2
374,Thabo Sefolosha\sefolth01,SF,34,UTA,9,0,8.9,0.3,1.2,.273,0.1,0.8,.143,0.2,0.4,.500,.318,0.6,0.7,.833,0.2,2.2,2.4,0.4,0.4,0.1,0.7,0.9,1.3
375,Wayne Selden\seldewa01,SG,24,MEM,20,0,16.2,2.2,5.4,.411,0.8,2.2,.341,1.5,3.2,.460,.481,0.7,0.8,.867,0.4,0.9,1.3,1.3,0.4,0.2,0.9,1.6,5.8
376,Collin Sexton\sextoco01,PG,20,CLE,21,11,28.9,5.8,13.0,.443,0.7,1.6,.412,5.1,11.4,.448,.469,2.5,2.8,.898,0.7,2.7,3.4,2.6,0.4,0.1,2.2,2.4,14.7
377,Landry Shamet\shamela01,SG,21,PHI,24,2,21.5,2.8,6.3,.441,1.8,4.6,.396,1.0,1.7,.561,.586,0.8,0.9,.864,0.2,1.3,1.4,1.1,0.5,0.1,0.5,1.9,8.2
378,Iman Shumpert\shumpim01,SG,28,SAC,18,16,25.3,3.3,7.7,.435,1.9,4.9,.393,1.4,2.7,.510,.562,1.0,1.1,.900,0.3,2.9,3.2,1.6,1.2,0.3,0.6,2.7,9.6
379,Pascal Siakam\siakapa01,PF,24,TOR,23,22,29.7,5.8,9.1,.638,0.7,1.8,.366,5.2,7.3,.704,.674,2.5,3.2,.784,1.3,5.2,6.5,2.3,1.1,0.7,1.4,3.1,14.8
380,Ben Simmons\simmobe01,PG,22,PHI,23,23,32.8,6.1,11.0,.553,0.0,0.0,,6.1,11.0,.553,.553,3.2,5.2,.613,1.9,6.7,8.7,8.0,1.3,0.8,3.4,2.7,15.3
381,Jonathon Simmons\simmojo02,SG,29,ORL,21,3,21.6,2.5,7.6,.333,0.5,2.2,.217,2.0,5.4,.381,.365,1.9,2.3,.833,0.5,2.0,2.5,2.3,0.5,0.5,1.3,1.8,7.4
382,Anfernee Simons\simonan01,SG,19,POR,5,0,6.8,1.0,3.0,.333,0.0,1.0,.000,1.0,2.0,.500,.333,0.2,0.8,.250,0.0,1.0,1.0,0.2,0.0,0.0,0.6,0.2,2.2
383,Marcus Smart\smartma01,SG,24,BOS,22,2,24.2,2.1,5.4,.395,1.0,3.2,.324,1.1,2.2,.500,.492,1.4,1.8,.769,0.7,2.0,2.7,4.0,1.4,0.5,1.5,2.6,6.7
384,Dennis Smith\smithde03,PG,21,DAL,18,18,28.1,5.3,12.0,.440,1.4,3.9,.371,3.8,8.1,.473,.500,1.8,2.8,.660,0.6,2.2,2.8,3.9,1.2,0.4,3.2,2.8,13.8
385,Ish Smith\smithis01,PG,30,DET,19,0,25.3,4.2,9.8,.425,1.2,3.7,.324,2.9,6.1,.487,.487,0.4,0.5,.700,0.1,2.0,2.1,3.3,0.5,0.3,1.1,2.6,9.9
386,J.R. Smith\smithjr01,SG,33,CLE,11,4,20.2,2.5,7.2,.342,1.1,3.5,.308,1.4,3.6,.375,.418,0.7,0.9,.800,0.0,1.6,1.6,1.9,1.0,0.3,1.0,1.7,6.7
387,Jason Smith\smithja02,C,32,WAS,11,1,11.2,1.4,3.2,.429,0.4,0.8,.444,1.0,2.4,.423,.486,0.8,0.9,.900,1.0,2.2,3.2,0.9,0.1,0.5,0.6,1.7,3.9
388,Tony Snell\snellto01,SG,27,MIL,21,0,15.8,2.1,4.6,.469,1.1,2.7,.404,1.0,1.9,.564,.589,0.5,0.6,.833,0.2,1.4,1.6,0.8,0.3,0.2,0.3,1.1,5.9
389,Ray Spalding\spaldra01,PF,21,DAL,1,0,1.0,0.0,0.0,,0.0,0.0,,0.0,0.0,,,0.0,0.0,,0.0,0.0,0.0,0.0,0.0,0.0,0.0,0.0,0.0
390,Omari Spellman\spellom01,PF,21,ATL,21,8,18.7,2.3,6.0,.389,0.9,2.8,.322,1.4,3.2,.448,.464,1.0,1.3,.750,2.0,2.7,4.7,1.0,0.8,0.6,0.7,1.6,6.6
391,Nik Stauskas\stausni01,SG,25,POR,22,0,16.8,2.5,5.8,.430,1.3,3.3,.403,1.2,2.5,.464,.543,0.9,1.0,.952,0.3,1.5,1.8,1.7,0.3,0.1,1.0,0.9,7.2
392,Lance Stephenson\stephla01,SG,28,LAL,22,0,15.2,3.0,7.0,.429,1.0,2.7,.373,2.0,4.3,.463,.500,0.7,0.8,.833,0.6,2.8,3.4,1.8,0.7,0.1,1.2,1.5,7.7
393,Edmond Sumner\sumneed01,PG,23,IND,6,0,4.0,0.3,0.8,.400,0.2,0.3,.500,0.2,0.5,.333,.500,0.0,0.3,.000,0.2,0.0,0.2,0.2,0.2,0.0,0.3,0.7,0.8
394,Caleb Swanigan\swanica01,PF,21,POR,10,0,9.9,1.0,3.3,.303,0.1,0.4,.250,0.9,2.9,.310,.318,0.4,0.5,.800,1.1,2.9,4.0,0.5,0.4,0.0,1.0,1.5,2.5
395,Jayson Tatum\tatumja01,SF,20,BOS,22,22,31.4,5.8,13.1,.444,1.7,4.3,.404,4.1,8.8,.464,.510,2.9,3.4,.840,1.4,5.1,6.5,1.9,1.0,0.5,1.5,2.4,16.2
396,Jeff Teague\teaguje01,PG,30,MIN,16,16,31.1,4.2,10.3,.409,0.9,3.0,.292,3.3,7.3,.457,.451,3.4,3.9,.871,0.2,2.1,2.3,7.6,1.3,0.4,2.2,2.1,12.6
397,Garrett Temple\templga01,SG,32,MEM,21,21,33.0,3.8,8.4,.455,1.6,4.1,.391,2.2,4.2,.517,.551,1.8,2.1,.844,0.4,3.0,3.3,1.4,1.2,0.3,1.2,3.2,11.0
398,Milos Teodosic\teodomi01,PG,31,LAC,10,0,9.5,1.0,1.9,.526,0.6,1.4,.429,0.4,0.5,.800,.684,0.3,0.4,.750,0.2,1.2,1.4,2.2,0.2,0.1,1.0,1.8,2.9
399,Jared Terrell\terreja01,SG,23,MIN,1,0,21.0,1.0,8.0,.125,1.0,2.0,.500,0.0,6.0,.000,.188,1.0,2.0,.500,0.0,1.0,1.0,1.0,2.0,1.0,2.0,2.0,4.0
400,Daniel Theis\theisda01,C,26,BOS,12,0,11.8,2.2,3.7,.591,0.3,0.8,.444,1.8,2.9,.629,.636,0.3,0.6,.429,1.1,1.8,2.8,0.8,0.1,0.4,0.8,2.8,4.9
401,Khyri Thomas\thomakh01,SG,22,DET,3,0,4.3,0.7,1.7,.400,0.3,1.0,.333,0.3,0.7,.500,.500,0.0,0.0,,0.0,0.3,0.3,0.3,0.0,0.0,0.3,0.3,1.7
402,Lance Thomas\thomala01,PF,30,NYK,11,5,15.2,1.3,3.7,.341,0.5,1.5,.294,0.8,2.2,.375,.402,0.9,1.0,.909,0.4,1.8,2.2,0.5,0.6,0.3,0.5,2.0,3.9
403,Klay Thompson\thompkl01,SG,28,GSW,23,23,34.7,9.1,19.9,.456,2.8,8.1,.348,6.3,11.8,.531,.527,1.9,2.4,.782,0.4,3.3,3.7,1.8,0.9,0.7,2.0,2.2,22.9
404,Tristan Thompson\thomptr01,C,27,CLE,21,21,29.8,4.9,9.2,.526,0.0,0.0,,4.9,9.2,.526,.526,1.4,2.3,.592,5.0,6.0,11.0,2.0,1.0,0.3,1.7,2.1,11.1
405,Sindarius Thornwell\thornsi01,SG,24,LAC,8,0,8.0,0.4,0.9,.429,0.0,0.3,.000,0.4,0.6,.600,.429,0.5,0.5,1.000,0.0,1.4,1.4,0.6,0.1,0.1,0.6,1.9,1.3
406,Anthony Tolliver\tollian01,PF,33,MIN,16,0,17.1,1.6,3.8,.433,1.4,3.4,.407,0.3,0.4,.667,.617,0.4,0.8,.583,0.4,2.1,2.5,0.8,0.4,0.5,0.6,1.8,5.1
407,Karl-Anthony Towns\townska01,C,23,MIN,22,22,33.5,7.4,15.1,.491,1.8,4.5,.400,5.6,10.5,.530,.551,4.0,4.5,.888,3.3,8.9,12.1,2.3,0.8,1.6,3.5,3.6,20.6
408,Gary Trent\trentga02,SG,20,POR,2,0,6.5,2.0,4.5,.444,1.0,1.5,.667,1.0,3.0,.333,.556,0.0,0.0,,0.0,1.5,1.5,0.0,0.0,0.0,0.5,0.0,5.0
409,Allonzo Trier\trieral01,SG,23,NYK,23,3,23.9,4.0,8.3,.487,0.8,1.7,.450,3.3,6.6,.497,.534,3.0,3.6,.819,0.7,2.5,3.2,1.8,0.5,0.4,1.9,1.7,11.8
410,P.J. Tucker\tuckepj01,PF,33,HOU,21,21,35.5,2.8,6.4,.440,2.0,4.7,.424,0.8,1.7,.486,.597,0.5,0.7,.714,1.2,4.9,6.1,1.1,1.3,0.4,1.0,3.1,8.1
411,Evan Turner\turneev01,PG,30,POR,22,0,26.1,3.5,7.6,.464,0.2,1.2,.154,3.4,6.5,.521,.476,1.0,1.6,.583,0.5,4.6,5.1,4.3,0.8,0.3,2.0,2.3,8.2
412,Myles Turner\turnemy01,C,22,IND,21,21,27.0,4.5,9.4,.480,0.3,1.5,.226,4.2,8.0,.527,.497,1.8,2.4,.745,1.2,4.5,5.7,1.5,0.4,2.6,1.7,2.8,11.2
413,Ekpe Udoh\udohek01,C,31,UTA,15,0,4.9,0.4,0.5,.857,0.0,0.0,,0.4,0.5,.857,.857,0.3,0.4,.667,0.1,0.7,0.9,0.3,0.1,0.5,0.3,0.7,1.1
414,Tyler Ulis\ulisty01,PG,23,CHI,1,0,1.0,0.0,0.0,,0.0,0.0,,0.0,0.0,,,0.0,0.0,,0.0,0.0,0.0,0.0,0.0,0.0,0.0,0.0,0.0
415,Jonas Valanciunas\valanjo01,C,26,TOR,23,9,19.3,4.9,8.5,.577,0.3,1.0,.333,4.6,7.5,.610,.597,2.6,3.1,.831,1.9,5.5,7.3,1.2,0.5,0.9,1.5,2.7,12.7
416,Fred VanVleet\vanvlfr01,PG,24,TOR,19,2,23.7,3.5,8.3,.420,1.3,3.9,.338,2.2,4.4,.494,.500,1.1,1.5,.714,0.5,1.8,2.3,4.4,0.8,0.2,1.4,1.7,9.3
417,Noah Vonleh\vonleno01,PF,23,NYK,23,16,24.6,2.7,5.7,.477,0.7,1.7,.410,2.0,4.0,.505,.538,1.9,2.5,.741,2.0,6.3,8.3,1.7,0.7,1.0,1.1,2.8,8.0
418,Nikola Vucevic\vucevni01,C,28,ORL,23,23,30.8,8.6,15.6,.553,1.2,2.9,.409,7.4,12.7,.586,.591,2.6,3.0,.843,2.6,8.7,11.3,3.8,1.0,1.1,2.1,2.2,21.0
419,Dwyane Wade\wadedw01,SG,37,MIA,14,0,25.5,5.8,12.5,.463,1.6,4.0,.393,4.2,8.5,.496,.526,2.2,3.4,.646,1.3,2.5,3.8,3.2,0.4,0.6,2.4,2.0,15.4
420,Moritz Wagner\wagnemo01,C,21,LAL,3,0,2.3,0.0,1.0,.000,0.0,1.0,.000,0.0,0.0,,.000,0.0,0.0,,0.0,0.3,0.3,0.7,0.0,0.0,0.0,0.0,0.0
421,Kemba Walker\walkeke02,PG,28,CHO,22,22,35.1,9.1,20.5,.447,3.5,9.4,.372,5.6,11.0,.510,.532,5.4,6.5,.825,0.4,4.0,4.4,6.2,1.3,0.4,2.6,1.7,27.1
422,John Wall\walljo01,PG,28,WAS,22,22,34.4,7.6,17.2,.444,1.6,5.0,.318,6.0,12.2,.496,.491,4.1,6.1,.679,0.6,3.0,3.5,8.1,1.8,1.1,3.5,2.5,21.0
423,Tyrone Wallace\wallaty01,PG,24,LAC,13,0,6.4,1.2,2.6,.441,0.0,0.3,.000,1.2,2.3,.500,.441,0.5,0.9,.500,0.1,0.7,0.8,0.2,0.2,0.0,0.2,0.8,2.8
424,Taurean Waller-Prince\princta02,SF,24,ATL,20,19,28.8,5.3,12.3,.429,2.4,6.7,.361,2.9,5.6,.509,.527,2.2,2.7,.830,0.3,3.8,4.1,2.3,1.2,0.4,2.6,3.0,15.1
425,Brad Wanamaker\wanambr01,PG,29,BOS,6,0,6.7,1.0,2.3,.429,0.3,0.7,.500,0.7,1.7,.400,.500,0.8,1.0,.833,0.0,0.7,0.7,1.3,0.2,0.0,0.7,0.2,3.2
426,T.J. Warren\warretj01,SF,25,PHO,20,13,29.9,6.9,13.4,.511,1.8,4.0,.450,5.1,9.4,.537,.578,2.2,2.6,.846,0.7,3.4,4.1,1.3,1.0,0.8,1.1,2.6,17.7
427,Yuta Watanabe\watanyu01,SG,24,MEM,2,0,6.0,0.0,0.5,.000,0.0,0.5,.000,0.0,0.0,,.000,1.0,1.0,1.000,0.0,2.0,2.0,0.0,0.0,0.5,0.5,0.0,1.0
428,Thomas Welsh\welshth01,C,22,DEN,4,0,3.0,0.5,0.8,.667,0.3,0.5,.500,0.3,0.3,1.000,.833,0.0,0.0,,0.0,0.8,0.8,0.5,0.0,0.0,0.3,0.3,1.3
429,Russell Westbrook\westbru01,PG,30,OKC,13,13,33.2,9.1,19.2,.472,1.0,4.6,.217,8.1,14.6,.553,.498,4.0,6.3,.634,1.1,9.0,10.1,9.8,2.0,0.2,4.1,3.5,23.2
430,Derrick White\whitede01,PG,24,SAS,13,6,19.4,2.2,5.6,.384,0.5,1.6,.286,1.7,4.0,.423,.425,0.8,1.1,.786,0.2,2.3,2.5,3.2,0.6,0.0,1.3,1.3,5.6
431,Okaro White\whiteok01,PF,26,WAS,1,0,3.0,0.0,1.0,.000,0.0,1.0,.000,0.0,0.0,,.000,0.0,0.0,,1.0,1.0,2.0,0.0,0.0,0.0,0.0,0.0,0.0
432,Hassan Whiteside\whiteha01,C,29,MIA,20,20,26.6,5.3,10.6,.502,0.1,0.6,.167,5.2,10.0,.523,.507,2.5,4.9,.500,4.1,9.5,13.6,0.8,0.6,2.9,1.8,3.2,13.2
433,Andrew Wiggins\wiggian01,SF,23,MIN,18,18,32.7,5.7,15.4,.368,1.8,5.2,.351,3.8,10.2,.377,.428,1.8,2.3,.762,0.7,3.0,3.7,2.3,1.5,0.6,1.6,2.2,14.9
434,C.J. Williams\willicj01,SG,28,MIN,6,0,8.8,0.8,2.3,.357,0.0,1.0,.000,0.8,1.3,.625,.357,0.0,0.0,,0.0,0.3,0.3,0.5,0.2,0.0,0.5,1.7,1.7
435,Johnathan Williams\willijo04,C,23,LAL,6,0,14.2,1.8,3.2,.579,0.0,0.0,,1.8,3.2,.579,.579,0.2,0.8,.200,1.8,1.7,3.5,0.7,0.2,0.5,0.3,3.2,3.8
436,Kenrich Williams\willike04,SF,24,NOP,6,0,4.8,0.3,1.0,.333,0.2,0.3,.500,0.2,0.7,.250,.417,0.0,0.0,,0.0,0.8,0.8,0.0,0.0,0.0,0.2,1.2,0.8
437,Lou Williams\willilo02,SG,32,LAC,21,0,25.7,5.6,14.6,.386,1.2,3.8,.329,4.4,10.8,.405,.428,5.1,5.4,.939,0.6,2.0,2.6,4.2,0.7,0.1,2.3,0.9,17.6
438,Marvin Williams\willima02,PF,32,CHO,22,22,25.5,3.2,7.5,.422,1.5,4.6,.337,1.6,3.0,.554,.524,0.6,1.0,.591,0.8,4.5,5.3,0.9,0.8,0.8,0.6,1.9,8.5
439,Robert Williams\williro04,C,21,BOS,8,0,4.1,0.8,1.0,.750,0.0,0.0,,0.8,1.0,.750,.750,0.1,0.3,.500,0.5,0.9,1.4,0.1,0.0,0.8,0.0,0.9,1.6
440,Troy Williams\willitr02,SF,24,SAC,11,0,15.6,2.5,5.1,.482,0.9,2.5,.370,1.5,2.6,.586,.571,0.6,0.8,.778,0.3,2.3,2.5,0.5,0.4,0.4,0.4,2.0,6.5
441,Justise Winslow\winslju01,PF,22,MIA,17,9,27.2,3.2,9.2,.353,0.9,2.8,.319,2.4,6.4,.367,.401,1.8,2.5,.698,1.1,4.0,5.1,3.4,0.9,0.3,2.1,2.5,9.1
442,Christian Wood\woodch01,PF,23,MIL,5,0,5.8,1.4,2.8,.500,0.4,0.8,.500,1.0,2.0,.500,.571,0.6,0.8,.750,0.6,1.8,2.4,0.4,0.0,0.0,0.4,0.4,3.8
443,Delon Wright\wrighde01,PG,26,TOR,18,0,16.1,2.3,5.0,.456,0.8,1.8,.455,1.4,3.2,.456,.539,0.8,0.8,1.000,0.7,1.3,2.0,1.5,0.5,0.3,0.8,1.0,6.2
444,Guerschon Yabusele\yabusgu01,PF,23,BOS,12,0,4.8,0.6,1.9,.304,0.2,0.8,.222,0.4,1.2,.357,.348,0.6,0.7,.875,0.4,0.8,1.2,0.3,0.2,0.1,0.1,0.8,1.9
445,Thaddeus Young\youngth01,PF,30,IND,22,22,28.1,4.5,9.3,.485,0.2,1.1,.167,4.3,8.2,.528,.495,0.7,1.5,.485,1.9,3.3,5.2,1.2,1.5,0.4,1.1,2.2,9.9
446,Trae Young\youngtr01,PG,20,ATL,23,23,29.2,5.5,14.6,.378,1.4,5.8,.248,4.1,8.8,.463,.427,3.1,3.8,.816,0.5,2.5,3.0,7.6,0.7,0.3,3.8,1.3,15.6
447,Cody Zeller\zelleco01,C,26,CHO,22,22,23.5,3.7,6.4,.582,0.1,0.3,.286,3.6,6.1,.597,.589,1.8,2.1,.848,1.9,3.5,5.4,2.0,0.6,0.7,1.2,3.1,9.3
448,Ante Zizic\zizican01,C,22,CLE,17,0,9.2,1.3,2.6,.500,0.0,0.0,,1.3,2.6,.500,.500,0.9,1.4,.625,1.1,1.8,2.9,0.4,0.1,0.1,1.0,1.2,3.5
449,Ivica Zubac\zubaciv01,C,21,LAL,6,0,7.8,0.8,2.3,.357,0.0,0.0,,0.8,2.3,.357,.357,0.7,0.7,1.000,1.7,1.8,3.5,0.3,0.2,0.3,0.7,2.0,2.3